first_name,url
赵姓名字大全,//zhao.resgain.net/name_list.html
钱姓名字大全,//qian.resgain.net/name_list.html
孙姓名字大全,//sun.resgain.net/name_list.html
李姓名字大全,//li.resgain.net/name_list.html
周姓名字大全,//zhou.resgain.net/name_list.html
吴姓名字大全,//wu.resgain.net/name_list.html
郑姓名字大全,//zheng.resgain.net/name_list.html
王姓名字大全,//wang.resgain.net/name_list.html
冯姓名字大全,//feng.resgain.net/name_list.html
陈姓名字大全,//chen.resgain.net/name_list.html
褚姓名字大全,//chu.resgain.net/name_list.html
卫姓名字大全,//wei.resgain.net/name_list.html
蒋姓名字大全,//jiang.resgain.net/name_list.html
沈姓名字大全,//shen.resgain.net/name_list.html
韩姓名字大全,//han.resgain.net/name_list.html
杨姓名字大全,//yang.resgain.net/name_list.html
朱姓名字大全,//zhu.resgain.net/name_list.html
秦姓名字大全,//qin.resgain.net/name_list.html
尤姓名字大全,//you.resgain.net/name_list.html
许姓名字大全,//xu.resgain.net/name_list.html
何姓名字大全,//ho.resgain.net/name_list.html
吕姓名字大全,//lu.resgain.net/name_list.html
施姓名字大全,//shi.resgain.net/name_list.html
张姓名字大全,//zhang.resgain.net/name_list.html
孔姓名字大全,//kong.resgain.net/name_list.html
曹姓名字大全,//tzao.resgain.net/name_list.html
严姓名字大全,//yan.resgain.net/name_list.html
华姓名字大全,//hua.resgain.net/name_list.html
金姓名字大全,//jin.resgain.net/name_list.html
魏姓名字大全,//wei1.resgain.net/name_list.html
陶姓名字大全,//tao.resgain.net/name_list.html
姜姓名字大全,//jiang1.resgain.net/name_list.html
戚姓名字大全,//qi.resgain.net/name_list.html
谢姓名字大全,//xie.resgain.net/name_list.html
邹姓名字大全,//zou.resgain.net/name_list.html
喻姓名字大全,//yu.resgain.net/name_list.html
柏姓名字大全,//bai.resgain.net/name_list.html
水姓名字大全,//shui.resgain.net/name_list.html
窦姓名字大全,//dou.resgain.net/name_list.html
章姓名字大全,//zhang1.resgain.net/name_list.html
云姓名字大全,//yun.resgain.net/name_list.html
苏姓名字大全,//su.resgain.net/name_list.html
潘姓名字大全,//pan.resgain.net/name_list.html
葛姓名字大全,//ge.resgain.net/name_list.html
奚姓名字大全,//xi.resgain.net/name_list.html
范姓名字大全,//fan.resgain.net/name_list.html
彭姓名字大全,//peng.resgain.net/name_list.html
郎姓名字大全,//lang.resgain.net/name_list.html
鲁姓名字大全,//lu1.resgain.net/name_list.html
韦姓名字大全,//wei2.resgain.net/name_list.html
昌姓名字大全,//chang.resgain.net/name_list.html
马姓名字大全,//ma.resgain.net/name_list.html
苗姓名字大全,//miao.resgain.net/name_list.html
凤姓名字大全,//feng1.resgain.net/name_list.html
花姓名字大全,//hua1.resgain.net/name_list.html
方姓名字大全,//fang.resgain.net/name_list.html
俞姓名字大全,//yu1.resgain.net/name_list.html
任姓名字大全,//ren.resgain.net/name_list.html
袁姓名字大全,//yuan.resgain.net/name_list.html
柳姓名字大全,//liu.resgain.net/name_list.html
酆姓名字大全,//feng2.resgain.net/name_list.html
鲍姓名字大全,//bao.resgain.net/name_list.html
史姓名字大全,//shi1.resgain.net/name_list.html
唐姓名字大全,//tang.resgain.net/name_list.html
费姓名字大全,//fei.resgain.net/name_list.html
廉姓名字大全,//lian.resgain.net/name_list.html
岑姓名字大全,//cen.resgain.net/name_list.html
薛姓名字大全,//xue.resgain.net/name_list.html
雷姓名字大全,//lei.resgain.net/name_list.html
贺姓名字大全,//he.resgain.net/name_list.html
倪姓名字大全,//ni.resgain.net/name_list.html
汤姓名字大全,//tang1.resgain.net/name_list.html
滕姓名字大全,//teng.resgain.net/name_list.html
殷姓名字大全,//yin.resgain.net/name_list.html
罗姓名字大全,//lo.resgain.net/name_list.html
毕姓名字大全,//bi.resgain.net/name_list.html
郝姓名字大全,//hao.resgain.net/name_list.html
邬姓名字大全,//wu1.resgain.net/name_list.html
安姓名字大全,//an.resgain.net/name_list.html
常姓名字大全,//chang1.resgain.net/name_list.html
乐姓名字大全,//yue.resgain.net/name_list.html
于姓名字大全,//yu2.resgain.net/name_list.html
时姓名字大全,//shi2.resgain.net/name_list.html
傅姓名字大全,//fu.resgain.net/name_list.html
皮姓名字大全,//pi.resgain.net/name_list.html
卞姓名字大全,//bian.resgain.net/name_list.html
齐姓名字大全,//qi1.resgain.net/name_list.html
康姓名字大全,//kang.resgain.net/name_list.html
伍姓名字大全,//wu2.resgain.net/name_list.html
余姓名字大全,//yu3.resgain.net/name_list.html
元姓名字大全,//yuan1.resgain.net/name_list.html
卜姓名字大全,//bu.resgain.net/name_list.html
顾姓名字大全,//gu.resgain.net/name_list.html
孟姓名字大全,//meng.resgain.net/name_list.html
平姓名字大全,//ping.resgain.net/name_list.html
黄姓名字大全,//huang.resgain.net/name_list.html
和姓名字大全,//he1.resgain.net/name_list.html
穆姓名字大全,//mu.resgain.net/name_list.html
萧姓名字大全,//xiao.resgain.net/name_list.html
尹姓名字大全,//yin1.resgain.net/name_list.html
姚姓名字大全,//yao.resgain.net/name_list.html
邵姓名字大全,//shao.resgain.net/name_list.html
湛姓名字大全,//zhan.resgain.net/name_list.html
汪姓名字大全,//wang1.resgain.net/name_list.html
祁姓名字大全,//qi2.resgain.net/name_list.html
毛姓名字大全,//mao.resgain.net/name_list.html
禹姓名字大全,//yu4.resgain.net/name_list.html
狄姓名字大全,//di.resgain.net/name_list.html
米姓名字大全,//mi.resgain.net/name_list.html
贝姓名字大全,//bei.resgain.net/name_list.html
明姓名字大全,//ming.resgain.net/name_list.html
臧姓名字大全,//zang.resgain.net/name_list.html
计姓名字大全,//ji.resgain.net/name_list.html
伏姓名字大全,//fu1.resgain.net/name_list.html
成姓名字大全,//cheng.resgain.net/name_list.html
戴姓名字大全,//dai.resgain.net/name_list.html
谈姓名字大全,//tan.resgain.net/name_list.html
宋姓名字大全,//song.resgain.net/name_list.html
茅姓名字大全,//mao1.resgain.net/name_list.html
庞姓名字大全,//pang.resgain.net/name_list.html
熊姓名字大全,//xiong.resgain.net/name_list.html
纪姓名字大全,//ji1.resgain.net/name_list.html
舒姓名字大全,//shu.resgain.net/name_list.html
屈姓名字大全,//qu.resgain.net/name_list.html
项姓名字大全,//xiang.resgain.net/name_list.html
祝姓名字大全,//zhu1.resgain.net/name_list.html
董姓名字大全,//dong.resgain.net/name_list.html
梁姓名字大全,//liang.resgain.net/name_list.html
杜姓名字大全,//du.resgain.net/name_list.html
阮姓名字大全,//ruan.resgain.net/name_list.html
蓝姓名字大全,//lan.resgain.net/name_list.html
闵姓名字大全,//min.resgain.net/name_list.html
席姓名字大全,//xi1.resgain.net/name_list.html
季姓名字大全,//ji2.resgain.net/name_list.html
麻姓名字大全,//ma1.resgain.net/name_list.html
强姓名字大全,//qiang.resgain.net/name_list.html
贾姓名字大全,//jia.resgain.net/name_list.html
路姓名字大全,//lu2.resgain.net/name_list.html
娄姓名字大全,//lou.resgain.net/name_list.html
危姓名字大全,//wei3.resgain.net/name_list.html
江姓名字大全,//jiang2.resgain.net/name_list.html
童姓名字大全,//tong.resgain.net/name_list.html
颜姓名字大全,//yan1.resgain.net/name_list.html
郭姓名字大全,//guo.resgain.net/name_list.html
梅姓名字大全,//mei.resgain.net/name_list.html
盛姓名字大全,//sheng.resgain.net/name_list.html
林姓名字大全,//lin.resgain.net/name_list.html
刁姓名字大全,//diao.resgain.net/name_list.html
钟姓名字大全,//tzeng.resgain.net/name_list.html
徐姓名字大全,//xu1.resgain.net/name_list.html
邱姓名字大全,//chiu.resgain.net/name_list.html
骆姓名字大全,//lo1.resgain.net/name_list.html
高姓名字大全,//gao.resgain.net/name_list.html
夏姓名字大全,//xia.resgain.net/name_list.html
蔡姓名字大全,//tzai.resgain.net/name_list.html
田姓名字大全,//tian.resgain.net/name_list.html
樊姓名字大全,//fan1.resgain.net/name_list.html
胡姓名字大全,//hu.resgain.net/name_list.html
凌姓名字大全,//ling.resgain.net/name_list.html
霍姓名字大全,//huo.resgain.net/name_list.html
虞姓名字大全,//yu5.resgain.net/name_list.html
万姓名字大全,//wan.resgain.net/name_list.html
支姓名字大全,//zhi.resgain.net/name_list.html
柯姓名字大全,//ke.resgain.net/name_list.html
昝姓名字大全,//zan.resgain.net/name_list.html
管姓名字大全,//guan.resgain.net/name_list.html
卢姓名字大全,//lu3.resgain.net/name_list.html
莫姓名字大全,//mo.resgain.net/name_list.html
房姓名字大全,//fang1.resgain.net/name_list.html
裘姓名字大全,//qiu.resgain.net/name_list.html
缪姓名字大全,//miao1.resgain.net/name_list.html
干姓名字大全,//gan.resgain.net/name_list.html
解姓名字大全,//xie1.resgain.net/name_list.html
应姓名字大全,//ying.resgain.net/name_list.html
宗姓名字大全,//zong.resgain.net/name_list.html
丁姓名字大全,//ding.resgain.net/name_list.html
宣姓名字大全,//xuan.resgain.net/name_list.html
贲姓名字大全,//ben.resgain.net/name_list.html
邓姓名字大全,//deng.resgain.net/name_list.html
郁姓名字大全,//yi.resgain.net/name_list.html
单姓名字大全,//shan.resgain.net/name_list.html
杭姓名字大全,//hang.resgain.net/name_list.html
洪姓名字大全,//hong.resgain.net/name_list.html
包姓名字大全,//bao1.resgain.net/name_list.html
诸姓名字大全,//zhu2.resgain.net/name_list.html
左姓名字大全,//zuo.resgain.net/name_list.html
石姓名字大全,//shi3.resgain.net/name_list.html
崔姓名字大全,//tzui.resgain.net/name_list.html
吉姓名字大全,//ji3.resgain.net/name_list.html
钮姓名字大全,//niu.resgain.net/name_list.html
龚姓名字大全,//gong.resgain.net/name_list.html
程姓名字大全,//cheng1.resgain.net/name_list.html
嵇姓名字大全,//ji4.resgain.net/name_list.html
邢姓名字大全,//xing.resgain.net/name_list.html
滑姓名字大全,//hua2.resgain.net/name_list.html
裴姓名字大全,//pei.resgain.net/name_list.html
陆姓名字大全,//lu4.resgain.net/name_list.html
荣姓名字大全,//rong.resgain.net/name_list.html
翁姓名字大全,//ong.resgain.net/name_list.html
荀姓名字大全,//xun.resgain.net/name_list.html
羊姓名字大全,//yang1.resgain.net/name_list.html
惠姓名字大全,//fei1.resgain.net/name_list.html
甄姓名字大全,//zhen.resgain.net/name_list.html
曲姓名字大全,//qu1.resgain.net/name_list.html
家姓名字大全,//jia1.resgain.net/name_list.html
封姓名字大全,//feng3.resgain.net/name_list.html
芮姓名字大全,//zui.resgain.net/name_list.html
羿姓名字大全,//yi1.resgain.net/name_list.html
储姓名字大全,//chu1.resgain.net/name_list.html
靳姓名字大全,//jin1.resgain.net/name_list.html
汲姓名字大全,//ji5.resgain.net/name_list.html
邴姓名字大全,//bing.resgain.net/name_list.html
糜姓名字大全,//mi1.resgain.net/name_list.html
松姓名字大全,//song1.resgain.net/name_list.html
井姓名字大全,//jing.resgain.net/name_list.html
段姓名字大全,//duan.resgain.net/name_list.html
富姓名字大全,//fu2.resgain.net/name_list.html
巫姓名字大全,//wu3.resgain.net/name_list.html
乌姓名字大全,//wu4.resgain.net/name_list.html
焦姓名字大全,//jiao.resgain.net/name_list.html
巴姓名字大全,//ba.resgain.net/name_list.html
弓姓名字大全,//gong1.resgain.net/name_list.html
牧姓名字大全,//mu1.resgain.net/name_list.html
隗姓名字大全,//kui.resgain.net/name_list.html
山姓名字大全,//shan1.resgain.net/name_list.html
谷姓名字大全,//gu1.resgain.net/name_list.html
车姓名字大全,//che.resgain.net/name_list.html
侯姓名字大全,//hou.resgain.net/name_list.html
宓姓名字大全,//mi2.resgain.net/name_list.html
蓬姓名字大全,//peng1.resgain.net/name_list.html
全姓名字大全,//quan.resgain.net/name_list.html
郗姓名字大全,//xi2.resgain.net/name_list.html
班姓名字大全,//ban.resgain.net/name_list.html
仰姓名字大全,//yang2.resgain.net/name_list.html
秋姓名字大全,//qiu1.resgain.net/name_list.html
仲姓名字大全,//zhong.resgain.net/name_list.html
伊姓名字大全,//yi2.resgain.net/name_list.html
宫姓名字大全,//gong2.resgain.net/name_list.html
宁姓名字大全,//ning.resgain.net/name_list.html
仇姓名字大全,//qiu2.resgain.net/name_list.html
栾姓名字大全,//luan.resgain.net/name_list.html
暴姓名字大全,//bao2.resgain.net/name_list.html
甘姓名字大全,//gan1.resgain.net/name_list.html
钭姓名字大全,//tou.resgain.net/name_list.html
历姓名字大全,//li1.resgain.net/name_list.html
戎姓名字大全,//rong1.resgain.net/name_list.html
祖姓名字大全,//zu.resgain.net/name_list.html
武姓名字大全,//wu5.resgain.net/name_list.html
符姓名字大全,//fu3.resgain.net/name_list.html
刘姓名字大全,//liu1.resgain.net/name_list.html
景姓名字大全,//jing1.resgain.net/name_list.html
詹姓名字大全,//zhan1.resgain.net/name_list.html
束姓名字大全,//shu1.resgain.net/name_list.html
龙姓名字大全,//long.resgain.net/name_list.html
叶姓名字大全,//ye.resgain.net/name_list.html
幸姓名字大全,//xing1.resgain.net/name_list.html
司姓名字大全,//shu2.resgain.net/name_list.html
韶姓名字大全,//shao1.resgain.net/name_list.html
郜姓名字大全,//gao1.resgain.net/name_list.html
黎姓名字大全,//li2.resgain.net/name_list.html
蓟姓名字大全,//ji6.resgain.net/name_list.html
溥姓名字大全,//pu.resgain.net/name_list.html
印姓名字大全,//yin2.resgain.net/name_list.html
宿姓名字大全,//su1.resgain.net/name_list.html
白姓名字大全,//bai1.resgain.net/name_list.html
怀姓名字大全,//why.resgain.net/name_list.html
蒲姓名字大全,//pu1.resgain.net/name_list.html
邰姓名字大全,//tai.resgain.net/name_list.html
从姓名字大全,//cong.resgain.net/name_list.html
鄂姓名字大全,//oh.resgain.net/name_list.html
索姓名字大全,//suo.resgain.net/name_list.html
咸姓名字大全,//xian.resgain.net/name_list.html
籍姓名字大全,//ji7.resgain.net/name_list.html
赖姓名字大全,//lai.resgain.net/name_list.html
卓姓名字大全,//zhuo.resgain.net/name_list.html
蔺姓名字大全,//lin1.resgain.net/name_list.html
屠姓名字大全,//tu.resgain.net/name_list.html
蒙姓名字大全,//mong.resgain.net/name_list.html
池姓名字大全,//tzu.resgain.net/name_list.html
乔姓名字大全,//qiao.resgain.net/name_list.html
阳姓名字大全,//yang3.resgain.net/name_list.html
胥姓名字大全,//shi4.resgain.net/name_list.html
能姓名字大全,//neng.resgain.net/name_list.html
苍姓名字大全,//tzang.resgain.net/name_list.html
双姓名字大全,//shuang.resgain.net/name_list.html
闻姓名字大全,//wen.resgain.net/name_list.html
莘姓名字大全,//shen1.resgain.net/name_list.html
党姓名字大全,//dang.resgain.net/name_list.html
翟姓名字大全,//zhai.resgain.net/name_list.html
谭姓名字大全,//tan1.resgain.net/name_list.html
贡姓名字大全,//gong3.resgain.net/name_list.html
劳姓名字大全,//lao.resgain.net/name_list.html
逄姓名字大全,//pang1.resgain.net/name_list.html
姬姓名字大全,//ji8.resgain.net/name_list.html
申姓名字大全,//shen2.resgain.net/name_list.html
扶姓名字大全,//fu4.resgain.net/name_list.html
堵姓名字大全,//du1.resgain.net/name_list.html
冉姓名字大全,//ran.resgain.net/name_list.html
宰姓名字大全,//zai.resgain.net/name_list.html
郦姓名字大全,//li3.resgain.net/name_list.html
雍姓名字大全,//yong.resgain.net/name_list.html
却姓名字大全,//chai.resgain.net/name_list.html
璩姓名字大全,//chi.resgain.net/name_list.html
桑姓名字大全,//sang.resgain.net/name_list.html
桂姓名字大全,//gui.resgain.net/name_list.html
濮姓名字大全,//pu2.resgain.net/name_list.html
牛姓名字大全,//niu1.resgain.net/name_list.html
寿姓名字大全,//shou.resgain.net/name_list.html
通姓名字大全,//tong1.resgain.net/name_list.html
边姓名字大全,//bian1.resgain.net/name_list.html
扈姓名字大全,//hu1.resgain.net/name_list.html
燕姓名字大全,//yan2.resgain.net/name_list.html
冀姓名字大全,//ji9.resgain.net/name_list.html
浦姓名字大全,//pu3.resgain.net/name_list.html
尚姓名字大全,//shang.resgain.net/name_list.html
农姓名字大全,//nong.resgain.net/name_list.html
温姓名字大全,//wen1.resgain.net/name_list.html
别姓名字大全,//bei1.resgain.net/name_list.html
庄姓名字大全,//zhuang.resgain.net/name_list.html
晏姓名字大全,//yan3.resgain.net/name_list.html
柴姓名字大全,//tzai1.resgain.net/name_list.html
瞿姓名字大全,//che1.resgain.net/name_list.html
阎姓名字大全,//yan4.resgain.net/name_list.html
充姓名字大全,//chong.resgain.net/name_list.html
慕姓名字大全,//mu2.resgain.net/name_list.html
连姓名字大全,//lian1.resgain.net/name_list.html
茹姓名字大全,//ru.resgain.net/name_list.html
习姓名字大全,//xi3.resgain.net/name_list.html
宦姓名字大全,//huan.resgain.net/name_list.html
艾姓名字大全,//ai.resgain.net/name_list.html
鱼姓名字大全,//yu6.resgain.net/name_list.html
容姓名字大全,//rong2.resgain.net/name_list.html
向姓名字大全,//xiang1.resgain.net/name_list.html
古姓名字大全,//gu2.resgain.net/name_list.html
易姓名字大全,//yi3.resgain.net/name_list.html
慎姓名字大全,//shen3.resgain.net/name_list.html
戈姓名字大全,//ge1.resgain.net/name_list.html
廖姓名字大全,//liao.resgain.net/name_list.html
庾姓名字大全,//yu7.resgain.net/name_list.html
终姓名字大全,//zhong1.resgain.net/name_list.html
暨姓名字大全,//ji10.resgain.net/name_list.html
居姓名字大全,//ju.resgain.net/name_list.html
衡姓名字大全,//heng.resgain.net/name_list.html
步姓名字大全,//bu1.resgain.net/name_list.html
都姓名字大全,//du2.resgain.net/name_list.html
耿姓名字大全,//geng.resgain.net/name_list.html
满姓名字大全,//man.resgain.net/name_list.html
弘姓名字大全,//hong1.resgain.net/name_list.html
匡姓名字大全,//kuang.resgain.net/name_list.html
国姓名字大全,//guo1.resgain.net/name_list.html
文姓名字大全,//wen2.resgain.net/name_list.html
寇姓名字大全,//kou.resgain.net/name_list.html
广姓名字大全,//kuang1.resgain.net/name_list.html
禄姓名字大全,//lu5.resgain.net/name_list.html
阙姓名字大全,//que.resgain.net/name_list.html
东姓名字大全,//dong1.resgain.net/name_list.html
欧姓名字大全,//ou.resgain.net/name_list.html
殳姓名字大全,//shu3.resgain.net/name_list.html
沃姓名字大全,//wo.resgain.net/name_list.html
利姓名字大全,//li4.resgain.net/name_list.html
蔚姓名字大全,//yu8.resgain.net/name_list.html
越姓名字大全,//yei.resgain.net/name_list.html
夔姓名字大全,//kui1.resgain.net/name_list.html
隆姓名字大全,//long1.resgain.net/name_list.html
师姓名字大全,//shu4.resgain.net/name_list.html
巩姓名字大全,//gong4.resgain.net/name_list.html
厍姓名字大全,//she.resgain.net/name_list.html
聂姓名字大全,//nie.resgain.net/name_list.html
晁姓名字大全,//chao.resgain.net/name_list.html
勾姓名字大全,//gou.resgain.net/name_list.html
敖姓名字大全,//ao.resgain.net/name_list.html
融姓名字大全,//rong3.resgain.net/name_list.html
冷姓名字大全,//leng.resgain.net/name_list.html
訾姓名字大全,//zi.resgain.net/name_list.html
辛姓名字大全,//xin.resgain.net/name_list.html
阚姓名字大全,//kan.resgain.net/name_list.html
那姓名字大全,//na.resgain.net/name_list.html
简姓名字大全,//jian.resgain.net/name_list.html
饶姓名字大全,//rao.resgain.net/name_list.html
空姓名字大全,//kong1.resgain.net/name_list.html
曾姓名字大全,//tzeng1.resgain.net/name_list.html
毋姓名字大全,//wu6.resgain.net/name_list.html
沙姓名字大全,//sha.resgain.net/name_list.html
乜姓名字大全,//nie1.resgain.net/name_list.html
养姓名字大全,//yang4.resgain.net/name_list.html
鞠姓名字大全,//ju1.resgain.net/name_list.html
须姓名字大全,//shi5.resgain.net/name_list.html
丰姓名字大全,//feng4.resgain.net/name_list.html
巢姓名字大全,//tzao1.resgain.net/name_list.html
关姓名字大全,//guan1.resgain.net/name_list.html
蒯姓名字大全,//kuai.resgain.net/name_list.html
相姓名字大全,//xiang2.resgain.net/name_list.html
查姓名字大全,//chah.resgain.net/name_list.html
后姓名字大全,//hou1.resgain.net/name_list.html
荆姓名字大全,//jing2.resgain.net/name_list.html
红姓名字大全,//hong2.resgain.net/name_list.html
游姓名字大全,//you1.resgain.net/name_list.html
竺姓名字大全,//zhu3.resgain.net/name_list.html
权姓名字大全,//quan1.resgain.net/name_list.html
逮姓名字大全,//dai1.resgain.net/name_list.html
益姓名字大全,//yi4.resgain.net/name_list.html
桓姓名字大全,//huan1.resgain.net/name_list.html
公姓名字大全,//gong5.resgain.net/name_list.html
万俟姓名字大全,//moqi.resgain.net/name_list.html
司马姓名字大全,//shuma.resgain.net/name_list.html
上官姓名字大全,//shangguan.resgain.net/name_list.html
欧阳姓名字大全,//ooyang.resgain.net/name_list.html
夏侯姓名字大全,//shaho.resgain.net/name_list.html
诸葛姓名字大全,//zuguo.resgain.net/name_list.html
闻人姓名字大全,//wenren.resgain.net/name_list.html
东方姓名字大全,//dongfang.resgain.net/name_list.html
赫连姓名字大全,//helian.resgain.net/name_list.html
皇甫姓名字大全,//huangfu.resgain.net/name_list.html
尉迟姓名字大全,//yuchi.resgain.net/name_list.html
公羊姓名字大全,//gongyang.resgain.net/name_list.html
澹台姓名字大全,//tantai.resgain.net/name_list.html
公冶姓名字大全,//gongye.resgain.net/name_list.html
宗政姓名字大全,//zongzheng.resgain.net/name_list.html
濮阳姓名字大全,//puyang.resgain.net/name_list.html
淳于姓名字大全,//chunyu.resgain.net/name_list.html
单于姓名字大全,//shanyu.resgain.net/name_list.html
太叔姓名字大全,//taishu.resgain.net/name_list.html
申屠姓名字大全,//shentu.resgain.net/name_list.html
公孙姓名字大全,//gongsun.resgain.net/name_list.html
仲孙姓名字大全,//zhongsun.resgain.net/name_list.html
轩辕姓名字大全,//xuanyuan.resgain.net/name_list.html
令狐姓名字大全,//linghu.resgain.net/name_list.html
徐离姓名字大全,//xuli.resgain.net/name_list.html
宇文姓名字大全,//yuwen.resgain.net/name_list.html
长孙姓名字大全,//zhangsun.resgain.net/name_list.html
慕容姓名字大全,//murong.resgain.net/name_list.html
司徒姓名字大全,//situ.resgain.net/name_list.html
司空姓名字大全,//sikong.resgain.net/name_list.html
楼姓名字大全,//lou1.resgain.net/name_list.html
楚姓名字大全,//chu2.resgain.net/name_list.html
first_name,url
赵姓名字大全,//zhao.resgain.net/name_list.html
钱姓名字大全,//qian.resgain.net/name_list.html
孙姓名字大全,//sun.resgain.net/name_list.html
李姓名字大全,//li.resgain.net/name_list.html
周姓名字大全,//zhou.resgain.net/name_list.html
吴姓名字大全,//wu.resgain.net/name_list.html
郑姓名字大全,//zheng.resgain.net/name_list.html
王姓名字大全,//wang.resgain.net/name_list.html
冯姓名字大全,//feng.resgain.net/name_list.html
陈姓名字大全,//chen.resgain.net/name_list.html
褚姓名字大全,//chu.resgain.net/name_list.html
卫姓名字大全,//wei.resgain.net/name_list.html
蒋姓名字大全,//jiang.resgain.net/name_list.html
沈姓名字大全,//shen.resgain.net/name_list.html
韩姓名字大全,//han.resgain.net/name_list.html
杨姓名字大全,//yang.resgain.net/name_list.html
朱姓名字大全,//zhu.resgain.net/name_list.html
秦姓名字大全,//qin.resgain.net/name_list.html
尤姓名字大全,//you.resgain.net/name_list.html
许姓名字大全,//xu.resgain.net/name_list.html
何姓名字大全,//ho.resgain.net/name_list.html
吕姓名字大全,//lu.resgain.net/name_list.html
施姓名字大全,//shi.resgain.net/name_list.html
张姓名字大全,//zhang.resgain.net/name_list.html
孔姓名字大全,//kong.resgain.net/name_list.html
曹姓名字大全,//tzao.resgain.net/name_list.html
严姓名字大全,//yan.resgain.net/name_list.html
华姓名字大全,//hua.resgain.net/name_list.html
金姓名字大全,//jin.resgain.net/name_list.html
魏姓名字大全,//wei1.resgain.net/name_list.html
陶姓名字大全,//tao.resgain.net/name_list.html
姜姓名字大全,//jiang1.resgain.net/name_list.html
戚姓名字大全,//qi.resgain.net/name_list.html
谢姓名字大全,//xie.resgain.net/name_list.html
邹姓名字大全,//zou.resgain.net/name_list.html
喻姓名字大全,//yu.resgain.net/name_list.html
柏姓名字大全,//bai.resgain.net/name_list.html
水姓名字大全,//shui.resgain.net/name_list.html
窦姓名字大全,//dou.resgain.net/name_list.html
章姓名字大全,//zhang1.resgain.net/name_list.html
云姓名字大全,//yun.resgain.net/name_list.html
苏姓名字大全,//su.resgain.net/name_list.html
潘姓名字大全,//pan.resgain.net/name_list.html
葛姓名字大全,//ge.resgain.net/name_list.html
奚姓名字大全,//xi.resgain.net/name_list.html
范姓名字大全,//fan.resgain.net/name_list.html
彭姓名字大全,//peng.resgain.net/name_list.html
郎姓名字大全,//lang.resgain.net/name_list.html
鲁姓名字大全,//lu1.resgain.net/name_list.html
韦姓名字大全,//wei2.resgain.net/name_list.html
昌姓名字大全,//chang.resgain.net/name_list.html
马姓名字大全,//ma.resgain.net/name_list.html
苗姓名字大全,//miao.resgain.net/name_list.html
凤姓名字大全,//feng1.resgain.net/name_list.html
花姓名字大全,//hua1.resgain.net/name_list.html
方姓名字大全,//fang.resgain.net/name_list.html
俞姓名字大全,//yu1.resgain.net/name_list.html
任姓名字大全,//ren.resgain.net/name_list.html
袁姓名字大全,//yuan.resgain.net/name_list.html
柳姓名字大全,//liu.resgain.net/name_list.html
酆姓名字大全,//feng2.resgain.net/name_list.html
鲍姓名字大全,//bao.resgain.net/name_list.html
史姓名字大全,//shi1.resgain.net/name_list.html
唐姓名字大全,//tang.resgain.net/name_list.html
费姓名字大全,//fei.resgain.net/name_list.html
廉姓名字大全,//lian.resgain.net/name_list.html
岑姓名字大全,//cen.resgain.net/name_list.html
薛姓名字大全,//xue.resgain.net/name_list.html
雷姓名字大全,//lei.resgain.net/name_list.html
贺姓名字大全,//he.resgain.net/name_list.html
倪姓名字大全,//ni.resgain.net/name_list.html
汤姓名字大全,//tang1.resgain.net/name_list.html
滕姓名字大全,//teng.resgain.net/name_list.html
殷姓名字大全,//yin.resgain.net/name_list.html
罗姓名字大全,//lo.resgain.net/name_list.html
毕姓名字大全,//bi.resgain.net/name_list.html
郝姓名字大全,//hao.resgain.net/name_list.html
邬姓名字大全,//wu1.resgain.net/name_list.html
安姓名字大全,//an.resgain.net/name_list.html
常姓名字大全,//chang1.resgain.net/name_list.html
乐姓名字大全,//yue.resgain.net/name_list.html
于姓名字大全,//yu2.resgain.net/name_list.html
时姓名字大全,//shi2.resgain.net/name_list.html
傅姓名字大全,//fu.resgain.net/name_list.html
皮姓名字大全,//pi.resgain.net/name_list.html
卞姓名字大全,//bian.resgain.net/name_list.html
齐姓名字大全,//qi1.resgain.net/name_list.html
康姓名字大全,//kang.resgain.net/name_list.html
伍姓名字大全,//wu2.resgain.net/name_list.html
余姓名字大全,//yu3.resgain.net/name_list.html
元姓名字大全,//yuan1.resgain.net/name_list.html
卜姓名字大全,//bu.resgain.net/name_list.html
顾姓名字大全,//gu.resgain.net/name_list.html
孟姓名字大全,//meng.resgain.net/name_list.html
平姓名字大全,//ping.resgain.net/name_list.html
黄姓名字大全,//huang.resgain.net/name_list.html
和姓名字大全,//he1.resgain.net/name_list.html
穆姓名字大全,//mu.resgain.net/name_list.html
萧姓名字大全,//xiao.resgain.net/name_list.html
尹姓名字大全,//yin1.resgain.net/name_list.html
姚姓名字大全,//yao.resgain.net/name_list.html
邵姓名字大全,//shao.resgain.net/name_list.html
湛姓名字大全,//zhan.resgain.net/name_list.html
汪姓名字大全,//wang1.resgain.net/name_list.html
祁姓名字大全,//qi2.resgain.net/name_list.html
毛姓名字大全,//mao.resgain.net/name_list.html
禹姓名字大全,//yu4.resgain.net/name_list.html
狄姓名字大全,//di.resgain.net/name_list.html
米姓名字大全,//mi.resgain.net/name_list.html
贝姓名字大全,//bei.resgain.net/name_list.html
明姓名字大全,//ming.resgain.net/name_list.html
臧姓名字大全,//zang.resgain.net/name_list.html
计姓名字大全,//ji.resgain.net/name_list.html
伏姓名字大全,//fu1.resgain.net/name_list.html
成姓名字大全,//cheng.resgain.net/name_list.html
戴姓名字大全,//dai.resgain.net/name_list.html
谈姓名字大全,//tan.resgain.net/name_list.html
宋姓名字大全,//song.resgain.net/name_list.html
茅姓名字大全,//mao1.resgain.net/name_list.html
庞姓名字大全,//pang.resgain.net/name_list.html
熊姓名字大全,//xiong.resgain.net/name_list.html
纪姓名字大全,//ji1.resgain.net/name_list.html
舒姓名字大全,//shu.resgain.net/name_list.html
屈姓名字大全,//qu.resgain.net/name_list.html
项姓名字大全,//xiang.resgain.net/name_list.html
祝姓名字大全,//zhu1.resgain.net/name_list.html
董姓名字大全,//dong.resgain.net/name_list.html
梁姓名字大全,//liang.resgain.net/name_list.html
杜姓名字大全,//du.resgain.net/name_list.html
阮姓名字大全,//ruan.resgain.net/name_list.html
蓝姓名字大全,//lan.resgain.net/name_list.html
闵姓名字大全,//min.resgain.net/name_list.html
席姓名字大全,//xi1.resgain.net/name_list.html
季姓名字大全,//ji2.resgain.net/name_list.html
麻姓名字大全,//ma1.resgain.net/name_list.html
强姓名字大全,//qiang.resgain.net/name_list.html
贾姓名字大全,//jia.resgain.net/name_list.html
路姓名字大全,//lu2.resgain.net/name_list.html
娄姓名字大全,//lou.resgain.net/name_list.html
危姓名字大全,//wei3.resgain.net/name_list.html
江姓名字大全,//jiang2.resgain.net/name_list.html
童姓名字大全,//tong.resgain.net/name_list.html
颜姓名字大全,//yan1.resgain.net/name_list.html
郭姓名字大全,//guo.resgain.net/name_list.html
梅姓名字大全,//mei.resgain.net/name_list.html
盛姓名字大全,//sheng.resgain.net/name_list.html
林姓名字大全,//lin.resgain.net/name_list.html
刁姓名字大全,//diao.resgain.net/name_list.html
钟姓名字大全,//tzeng.resgain.net/name_list.html
徐姓名字大全,//xu1.resgain.net/name_list.html
邱姓名字大全,//chiu.resgain.net/name_list.html
骆姓名字大全,//lo1.resgain.net/name_list.html
高姓名字大全,//gao.resgain.net/name_list.html
夏姓名字大全,//xia.resgain.net/name_list.html
蔡姓名字大全,//tzai.resgain.net/name_list.html
田姓名字大全,//tian.resgain.net/name_list.html
樊姓名字大全,//fan1.resgain.net/name_list.html
胡姓名字大全,//hu.resgain.net/name_list.html
凌姓名字大全,//ling.resgain.net/name_list.html
霍姓名字大全,//huo.resgain.net/name_list.html
虞姓名字大全,//yu5.resgain.net/name_list.html
万姓名字大全,//wan.resgain.net/name_list.html
支姓名字大全,//zhi.resgain.net/name_list.html
柯姓名字大全,//ke.resgain.net/name_list.html
昝姓名字大全,//zan.resgain.net/name_list.html
管姓名字大全,//guan.resgain.net/name_list.html
卢姓名字大全,//lu3.resgain.net/name_list.html
莫姓名字大全,//mo.resgain.net/name_list.html
房姓名字大全,//fang1.resgain.net/name_list.html
裘姓名字大全,//qiu.resgain.net/name_list.html
缪姓名字大全,//miao1.resgain.net/name_list.html
干姓名字大全,//gan.resgain.net/name_list.html
解姓名字大全,//xie1.resgain.net/name_list.html
应姓名字大全,//ying.resgain.net/name_list.html
宗姓名字大全,//zong.resgain.net/name_list.html
丁姓名字大全,//ding.resgain.net/name_list.html
宣姓名字大全,//xuan.resgain.net/name_list.html
贲姓名字大全,//ben.resgain.net/name_list.html
邓姓名字大全,//deng.resgain.net/name_list.html
郁姓名字大全,//yi.resgain.net/name_list.html
单姓名字大全,//shan.resgain.net/name_list.html
杭姓名字大全,//hang.resgain.net/name_list.html
洪姓名字大全,//hong.resgain.net/name_list.html
包姓名字大全,//bao1.resgain.net/name_list.html
诸姓名字大全,//zhu2.resgain.net/name_list.html
左姓名字大全,//zuo.resgain.net/name_list.html
石姓名字大全,//shi3.resgain.net/name_list.html
崔姓名字大全,//tzui.resgain.net/name_list.html
吉姓名字大全,//ji3.resgain.net/name_list.html
钮姓名字大全,//niu.resgain.net/name_list.html
龚姓名字大全,//gong.resgain.net/name_list.html
程姓名字大全,//cheng1.resgain.net/name_list.html
嵇姓名字大全,//ji4.resgain.net/name_list.html
邢姓名字大全,//xing.resgain.net/name_list.html
滑姓名字大全,//hua2.resgain.net/name_list.html
裴姓名字大全,//pei.resgain.net/name_list.html
陆姓名字大全,//lu4.resgain.net/name_list.html
荣姓名字大全,//rong.resgain.net/name_list.html
翁姓名字大全,//ong.resgain.net/name_list.html
荀姓名字大全,//xun.resgain.net/name_list.html
羊姓名字大全,//yang1.resgain.net/name_list.html
惠姓名字大全,//fei1.resgain.net/name_list.html
甄姓名字大全,//zhen.resgain.net/name_list.html
曲姓名字大全,//qu1.resgain.net/name_list.html
家姓名字大全,//jia1.resgain.net/name_list.html
封姓名字大全,//feng3.resgain.net/name_list.html
芮姓名字大全,//zui.resgain.net/name_list.html
羿姓名字大全,//yi1.resgain.net/name_list.html
储姓名字大全,//chu1.resgain.net/name_list.html
靳姓名字大全,//jin1.resgain.net/name_list.html
汲姓名字大全,//ji5.resgain.net/name_list.html
邴姓名字大全,//bing.resgain.net/name_list.html
糜姓名字大全,//mi1.resgain.net/name_list.html
松姓名字大全,//song1.resgain.net/name_list.html
井姓名字大全,//jing.resgain.net/name_list.html
段姓名字大全,//duan.resgain.net/name_list.html
富姓名字大全,//fu2.resgain.net/name_list.html
巫姓名字大全,//wu3.resgain.net/name_list.html
乌姓名字大全,//wu4.resgain.net/name_list.html
焦姓名字大全,//jiao.resgain.net/name_list.html
巴姓名字大全,//ba.resgain.net/name_list.html
弓姓名字大全,//gong1.resgain.net/name_list.html
牧姓名字大全,//mu1.resgain.net/name_list.html
隗姓名字大全,//kui.resgain.net/name_list.html
山姓名字大全,//shan1.resgain.net/name_list.html
谷姓名字大全,//gu1.resgain.net/name_list.html
车姓名字大全,//che.resgain.net/name_list.html
侯姓名字大全,//hou.resgain.net/name_list.html
宓姓名字大全,//mi2.resgain.net/name_list.html
蓬姓名字大全,//peng1.resgain.net/name_list.html
全姓名字大全,//quan.resgain.net/name_list.html
郗姓名字大全,//xi2.resgain.net/name_list.html
班姓名字大全,//ban.resgain.net/name_list.html
仰姓名字大全,//yang2.resgain.net/name_list.html
秋姓名字大全,//qiu1.resgain.net/name_list.html
仲姓名字大全,//zhong.resgain.net/name_list.html
伊姓名字大全,//yi2.resgain.net/name_list.html
宫姓名字大全,//gong2.resgain.net/name_list.html
宁姓名字大全,//ning.resgain.net/name_list.html
仇姓名字大全,//qiu2.resgain.net/name_list.html
栾姓名字大全,//luan.resgain.net/name_list.html
暴姓名字大全,//bao2.resgain.net/name_list.html
甘姓名字大全,//gan1.resgain.net/name_list.html
钭姓名字大全,//tou.resgain.net/name_list.html
历姓名字大全,//li1.resgain.net/name_list.html
戎姓名字大全,//rong1.resgain.net/name_list.html
祖姓名字大全,//zu.resgain.net/name_list.html
武姓名字大全,//wu5.resgain.net/name_list.html
符姓名字大全,//fu3.resgain.net/name_list.html
刘姓名字大全,//liu1.resgain.net/name_list.html
景姓名字大全,//jing1.resgain.net/name_list.html
詹姓名字大全,//zhan1.resgain.net/name_list.html
束姓名字大全,//shu1.resgain.net/name_list.html
龙姓名字大全,//long.resgain.net/name_list.html
叶姓名字大全,//ye.resgain.net/name_list.html
幸姓名字大全,//xing1.resgain.net/name_list.html
司姓名字大全,//shu2.resgain.net/name_list.html
韶姓名字大全,//shao1.resgain.net/name_list.html
郜姓名字大全,//gao1.resgain.net/name_list.html
黎姓名字大全,//li2.resgain.net/name_list.html
蓟姓名字大全,//ji6.resgain.net/name_list.html
溥姓名字大全,//pu.resgain.net/name_list.html
印姓名字大全,//yin2.resgain.net/name_list.html
宿姓名字大全,//su1.resgain.net/name_list.html
白姓名字大全,//bai1.resgain.net/name_list.html
怀姓名字大全,//why.resgain.net/name_list.html
蒲姓名字大全,//pu1.resgain.net/name_list.html
邰姓名字大全,//tai.resgain.net/name_list.html
从姓名字大全,//cong.resgain.net/name_list.html
鄂姓名字大全,//oh.resgain.net/name_list.html
索姓名字大全,//suo.resgain.net/name_list.html
咸姓名字大全,//xian.resgain.net/name_list.html
籍姓名字大全,//ji7.resgain.net/name_list.html
赖姓名字大全,//lai.resgain.net/name_list.html
卓姓名字大全,//zhuo.resgain.net/name_list.html
蔺姓名字大全,//lin1.resgain.net/name_list.html
屠姓名字大全,//tu.resgain.net/name_list.html
蒙姓名字大全,//mong.resgain.net/name_list.html
池姓名字大全,//tzu.resgain.net/name_list.html
乔姓名字大全,//qiao.resgain.net/name_list.html
阳姓名字大全,//yang3.resgain.net/name_list.html
胥姓名字大全,//shi4.resgain.net/name_list.html
能姓名字大全,//neng.resgain.net/name_list.html
苍姓名字大全,//tzang.resgain.net/name_list.html
双姓名字大全,//shuang.resgain.net/name_list.html
闻姓名字大全,//wen.resgain.net/name_list.html
莘姓名字大全,//shen1.resgain.net/name_list.html
党姓名字大全,//dang.resgain.net/name_list.html
翟姓名字大全,//zhai.resgain.net/name_list.html
谭姓名字大全,//tan1.resgain.net/name_list.html
贡姓名字大全,//gong3.resgain.net/name_list.html
劳姓名字大全,//lao.resgain.net/name_list.html
逄姓名字大全,//pang1.resgain.net/name_list.html
姬姓名字大全,//ji8.resgain.net/name_list.html
申姓名字大全,//shen2.resgain.net/name_list.html
扶姓名字大全,//fu4.resgain.net/name_list.html
堵姓名字大全,//du1.resgain.net/name_list.html
冉姓名字大全,//ran.resgain.net/name_list.html
宰姓名字大全,//zai.resgain.net/name_list.html
郦姓名字大全,//li3.resgain.net/name_list.html
雍姓名字大全,//yong.resgain.net/name_list.html
却姓名字大全,//chai.resgain.net/name_list.html
璩姓名字大全,//chi.resgain.net/name_list.html
桑姓名字大全,//sang.resgain.net/name_list.html
桂姓名字大全,//gui.resgain.net/name_list.html
濮姓名字大全,//pu2.resgain.net/name_list.html
牛姓名字大全,//niu1.resgain.net/name_list.html
寿姓名字大全,//shou.resgain.net/name_list.html
通姓名字大全,//tong1.resgain.net/name_list.html
边姓名字大全,//bian1.resgain.net/name_list.html
扈姓名字大全,//hu1.resgain.net/name_list.html
燕姓名字大全,//yan2.resgain.net/name_list.html
冀姓名字大全,//ji9.resgain.net/name_list.html
浦姓名字大全,//pu3.resgain.net/name_list.html
尚姓名字大全,//shang.resgain.net/name_list.html
农姓名字大全,//nong.resgain.net/name_list.html
温姓名字大全,//wen1.resgain.net/name_list.html
别姓名字大全,//bei1.resgain.net/name_list.html
庄姓名字大全,//zhuang.resgain.net/name_list.html
晏姓名字大全,//yan3.resgain.net/name_list.html
柴姓名字大全,//tzai1.resgain.net/name_list.html
瞿姓名字大全,//che1.resgain.net/name_list.html
阎姓名字大全,//yan4.resgain.net/name_list.html
充姓名字大全,//chong.resgain.net/name_list.html
慕姓名字大全,//mu2.resgain.net/name_list.html
连姓名字大全,//lian1.resgain.net/name_list.html
茹姓名字大全,//ru.resgain.net/name_list.html
习姓名字大全,//xi3.resgain.net/name_list.html
宦姓名字大全,//huan.resgain.net/name_list.html
艾姓名字大全,//ai.resgain.net/name_list.html
鱼姓名字大全,//yu6.resgain.net/name_list.html
容姓名字大全,//rong2.resgain.net/name_list.html
向姓名字大全,//xiang1.resgain.net/name_list.html
古姓名字大全,//gu2.resgain.net/name_list.html
易姓名字大全,//yi3.resgain.net/name_list.html
慎姓名字大全,//shen3.resgain.net/name_list.html
戈姓名字大全,//ge1.resgain.net/name_list.html
廖姓名字大全,//liao.resgain.net/name_list.html
庾姓名字大全,//yu7.resgain.net/name_list.html
终姓名字大全,//zhong1.resgain.net/name_list.html
暨姓名字大全,//ji10.resgain.net/name_list.html
居姓名字大全,//ju.resgain.net/name_list.html
衡姓名字大全,//heng.resgain.net/name_list.html
步姓名字大全,//bu1.resgain.net/name_list.html
都姓名字大全,//du2.resgain.net/name_list.html
耿姓名字大全,//geng.resgain.net/name_list.html
满姓名字大全,//man.resgain.net/name_list.html
弘姓名字大全,//hong1.resgain.net/name_list.html
匡姓名字大全,//kuang.resgain.net/name_list.html
国姓名字大全,//guo1.resgain.net/name_list.html
文姓名字大全,//wen2.resgain.net/name_list.html
寇姓名字大全,//kou.resgain.net/name_list.html
广姓名字大全,//kuang1.resgain.net/name_list.html
禄姓名字大全,//lu5.resgain.net/name_list.html
阙姓名字大全,//que.resgain.net/name_list.html
东姓名字大全,//dong1.resgain.net/name_list.html
欧姓名字大全,//ou.resgain.net/name_list.html
殳姓名字大全,//shu3.resgain.net/name_list.html
沃姓名字大全,//wo.resgain.net/name_list.html
利姓名字大全,//li4.resgain.net/name_list.html
蔚姓名字大全,//yu8.resgain.net/name_list.html
越姓名字大全,//yei.resgain.net/name_list.html
夔姓名字大全,//kui1.resgain.net/name_list.html
隆姓名字大全,//long1.resgain.net/name_list.html
师姓名字大全,//shu4.resgain.net/name_list.html
巩姓名字大全,//gong4.resgain.net/name_list.html
厍姓名字大全,//she.resgain.net/name_list.html
聂姓名字大全,//nie.resgain.net/name_list.html
晁姓名字大全,//chao.resgain.net/name_list.html
勾姓名字大全,//gou.resgain.net/name_list.html
敖姓名字大全,//ao.resgain.net/name_list.html
融姓名字大全,//rong3.resgain.net/name_list.html
冷姓名字大全,//leng.resgain.net/name_list.html
訾姓名字大全,//zi.resgain.net/name_list.html
辛姓名字大全,//xin.resgain.net/name_list.html
阚姓名字大全,//kan.resgain.net/name_list.html
那姓名字大全,//na.resgain.net/name_list.html
简姓名字大全,//jian.resgain.net/name_list.html
饶姓名字大全,//rao.resgain.net/name_list.html
空姓名字大全,//kong1.resgain.net/name_list.html
曾姓名字大全,//tzeng1.resgain.net/name_list.html
毋姓名字大全,//wu6.resgain.net/name_list.html
沙姓名字大全,//sha.resgain.net/name_list.html
乜姓名字大全,//nie1.resgain.net/name_list.html
养姓名字大全,//yang4.resgain.net/name_list.html
鞠姓名字大全,//ju1.resgain.net/name_list.html
须姓名字大全,//shi5.resgain.net/name_list.html
丰姓名字大全,//feng4.resgain.net/name_list.html
巢姓名字大全,//tzao1.resgain.net/name_list.html
关姓名字大全,//guan1.resgain.net/name_list.html
蒯姓名字大全,//kuai.resgain.net/name_list.html
相姓名字大全,//xiang2.resgain.net/name_list.html
查姓名字大全,//chah.resgain.net/name_list.html
后姓名字大全,//hou1.resgain.net/name_list.html
荆姓名字大全,//jing2.resgain.net/name_list.html
红姓名字大全,//hong2.resgain.net/name_list.html
游姓名字大全,//you1.resgain.net/name_list.html
竺姓名字大全,//zhu3.resgain.net/name_list.html
权姓名字大全,//quan1.resgain.net/name_list.html
逮姓名字大全,//dai1.resgain.net/name_list.html
益姓名字大全,//yi4.resgain.net/name_list.html
桓姓名字大全,//huan1.resgain.net/name_list.html
公姓名字大全,//gong5.resgain.net/name_list.html
万俟姓名字大全,//moqi.resgain.net/name_list.html
司马姓名字大全,//shuma.resgain.net/name_list.html
上官姓名字大全,//shangguan.resgain.net/name_list.html
欧阳姓名字大全,//ooyang.resgain.net/name_list.html
夏侯姓名字大全,//shaho.resgain.net/name_list.html
诸葛姓名字大全,//zuguo.resgain.net/name_list.html
闻人姓名字大全,//wenren.resgain.net/name_list.html
东方姓名字大全,//dongfang.resgain.net/name_list.html
赫连姓名字大全,//helian.resgain.net/name_list.html
皇甫姓名字大全,//huangfu.resgain.net/name_list.html
尉迟姓名字大全,//yuchi.resgain.net/name_list.html
公羊姓名字大全,//gongyang.resgain.net/name_list.html
澹台姓名字大全,//tantai.resgain.net/name_list.html
公冶姓名字大全,//gongye.resgain.net/name_list.html
宗政姓名字大全,//zongzheng.resgain.net/name_list.html
濮阳姓名字大全,//puyang.resgain.net/name_list.html
淳于姓名字大全,//chunyu.resgain.net/name_list.html
单于姓名字大全,//shanyu.resgain.net/name_list.html
太叔姓名字大全,//taishu.resgain.net/name_list.html
申屠姓名字大全,//shentu.resgain.net/name_list.html
公孙姓名字大全,//gongsun.resgain.net/name_list.html
仲孙姓名字大全,//zhongsun.resgain.net/name_list.html
轩辕姓名字大全,//xuanyuan.resgain.net/name_list.html
令狐姓名字大全,//linghu.resgain.net/name_list.html
徐离姓名字大全,//xuli.resgain.net/name_list.html
宇文姓名字大全,//yuwen.resgain.net/name_list.html
长孙姓名字大全,//zhangsun.resgain.net/name_list.html
慕容姓名字大全,//murong.resgain.net/name_list.html
司徒姓名字大全,//situ.resgain.net/name_list.html
司空姓名字大全,//sikong.resgain.net/name_list.html
楼姓名字大全,//lou1.resgain.net/name_list.html
楚姓名字大全,//chu2.resgain.net/name_list.html
first_name,url
赵姓名字大全,//zhao.resgain.net/name_list.html
钱姓名字大全,//qian.resgain.net/name_list.html
孙姓名字大全,//sun.resgain.net/name_list.html
李姓名字大全,//li.resgain.net/name_list.html
周姓名字大全,//zhou.resgain.net/name_list.html
吴姓名字大全,//wu.resgain.net/name_list.html
郑姓名字大全,//zheng.resgain.net/name_list.html
王姓名字大全,//wang.resgain.net/name_list.html
冯姓名字大全,//feng.resgain.net/name_list.html
陈姓名字大全,//chen.resgain.net/name_list.html
褚姓名字大全,//chu.resgain.net/name_list.html
卫姓名字大全,//wei.resgain.net/name_list.html
蒋姓名字大全,//jiang.resgain.net/name_list.html
沈姓名字大全,//shen.resgain.net/name_list.html
韩姓名字大全,//han.resgain.net/name_list.html
杨姓名字大全,//yang.resgain.net/name_list.html
朱姓名字大全,//zhu.resgain.net/name_list.html
秦姓名字大全,//qin.resgain.net/name_list.html
尤姓名字大全,//you.resgain.net/name_list.html
许姓名字大全,//xu.resgain.net/name_list.html
何姓名字大全,//ho.resgain.net/name_list.html
吕姓名字大全,//lu.resgain.net/name_list.html
施姓名字大全,//shi.resgain.net/name_list.html
张姓名字大全,//zhang.resgain.net/name_list.html
孔姓名字大全,//kong.resgain.net/name_list.html
曹姓名字大全,//tzao.resgain.net/name_list.html
严姓名字大全,//yan.resgain.net/name_list.html
华姓名字大全,//hua.resgain.net/name_list.html
金姓名字大全,//jin.resgain.net/name_list.html
魏姓名字大全,//wei1.resgain.net/name_list.html
陶姓名字大全,//tao.resgain.net/name_list.html
姜姓名字大全,//jiang1.resgain.net/name_list.html
戚姓名字大全,//qi.resgain.net/name_list.html
谢姓名字大全,//xie.resgain.net/name_list.html
邹姓名字大全,//zou.resgain.net/name_list.html
喻姓名字大全,//yu.resgain.net/name_list.html
柏姓名字大全,//bai.resgain.net/name_list.html
水姓名字大全,//shui.resgain.net/name_list.html
窦姓名字大全,//dou.resgain.net/name_list.html
章姓名字大全,//zhang1.resgain.net/name_list.html
云姓名字大全,//yun.resgain.net/name_list.html
苏姓名字大全,//su.resgain.net/name_list.html
潘姓名字大全,//pan.resgain.net/name_list.html
葛姓名字大全,//ge.resgain.net/name_list.html
奚姓名字大全,//xi.resgain.net/name_list.html
范姓名字大全,//fan.resgain.net/name_list.html
彭姓名字大全,//peng.resgain.net/name_list.html
郎姓名字大全,//lang.resgain.net/name_list.html
鲁姓名字大全,//lu1.resgain.net/name_list.html
韦姓名字大全,//wei2.resgain.net/name_list.html
昌姓名字大全,//chang.resgain.net/name_list.html
马姓名字大全,//ma.resgain.net/name_list.html
苗姓名字大全,//miao.resgain.net/name_list.html
凤姓名字大全,//feng1.resgain.net/name_list.html
花姓名字大全,//hua1.resgain.net/name_list.html
方姓名字大全,//fang.resgain.net/name_list.html
俞姓名字大全,//yu1.resgain.net/name_list.html
任姓名字大全,//ren.resgain.net/name_list.html
袁姓名字大全,//yuan.resgain.net/name_list.html
柳姓名字大全,//liu.resgain.net/name_list.html
酆姓名字大全,//feng2.resgain.net/name_list.html
鲍姓名字大全,//bao.resgain.net/name_list.html
史姓名字大全,//shi1.resgain.net/name_list.html
唐姓名字大全,//tang.resgain.net/name_list.html
费姓名字大全,//fei.resgain.net/name_list.html
廉姓名字大全,//lian.resgain.net/name_list.html
岑姓名字大全,//cen.resgain.net/name_list.html
薛姓名字大全,//xue.resgain.net/name_list.html
雷姓名字大全,//lei.resgain.net/name_list.html
贺姓名字大全,//he.resgain.net/name_list.html
倪姓名字大全,//ni.resgain.net/name_list.html
汤姓名字大全,//tang1.resgain.net/name_list.html
滕姓名字大全,//teng.resgain.net/name_list.html
殷姓名字大全,//yin.resgain.net/name_list.html
罗姓名字大全,//lo.resgain.net/name_list.html
毕姓名字大全,//bi.resgain.net/name_list.html
郝姓名字大全,//hao.resgain.net/name_list.html
邬姓名字大全,//wu1.resgain.net/name_list.html
安姓名字大全,//an.resgain.net/name_list.html
常姓名字大全,//chang1.resgain.net/name_list.html
乐姓名字大全,//yue.resgain.net/name_list.html
于姓名字大全,//yu2.resgain.net/name_list.html
时姓名字大全,//shi2.resgain.net/name_list.html
傅姓名字大全,//fu.resgain.net/name_list.html
皮姓名字大全,//pi.resgain.net/name_list.html
卞姓名字大全,//bian.resgain.net/name_list.html
齐姓名字大全,//qi1.resgain.net/name_list.html
康姓名字大全,//kang.resgain.net/name_list.html
伍姓名字大全,//wu2.resgain.net/name_list.html
余姓名字大全,//yu3.resgain.net/name_list.html
元姓名字大全,//yuan1.resgain.net/name_list.html
卜姓名字大全,//bu.resgain.net/name_list.html
顾姓名字大全,//gu.resgain.net/name_list.html
孟姓名字大全,//meng.resgain.net/name_list.html
平姓名字大全,//ping.resgain.net/name_list.html
黄姓名字大全,//huang.resgain.net/name_list.html
和姓名字大全,//he1.resgain.net/name_list.html
穆姓名字大全,//mu.resgain.net/name_list.html
萧姓名字大全,//xiao.resgain.net/name_list.html
尹姓名字大全,//yin1.resgain.net/name_list.html
姚姓名字大全,//yao.resgain.net/name_list.html
邵姓名字大全,//shao.resgain.net/name_list.html
湛姓名字大全,//zhan.resgain.net/name_list.html
汪姓名字大全,//wang1.resgain.net/name_list.html
祁姓名字大全,//qi2.resgain.net/name_list.html
毛姓名字大全,//mao.resgain.net/name_list.html
禹姓名字大全,//yu4.resgain.net/name_list.html
狄姓名字大全,//di.resgain.net/name_list.html
米姓名字大全,//mi.resgain.net/name_list.html
贝姓名字大全,//bei.resgain.net/name_list.html
明姓名字大全,//ming.resgain.net/name_list.html
臧姓名字大全,//zang.resgain.net/name_list.html
计姓名字大全,//ji.resgain.net/name_list.html
伏姓名字大全,//fu1.resgain.net/name_list.html
成姓名字大全,//cheng.resgain.net/name_list.html
戴姓名字大全,//dai.resgain.net/name_list.html
谈姓名字大全,//tan.resgain.net/name_list.html
宋姓名字大全,//song.resgain.net/name_list.html
茅姓名字大全,//mao1.resgain.net/name_list.html
庞姓名字大全,//pang.resgain.net/name_list.html
熊姓名字大全,//xiong.resgain.net/name_list.html
纪姓名字大全,//ji1.resgain.net/name_list.html
舒姓名字大全,//shu.resgain.net/name_list.html
屈姓名字大全,//qu.resgain.net/name_list.html
项姓名字大全,//xiang.resgain.net/name_list.html
祝姓名字大全,//zhu1.resgain.net/name_list.html
董姓名字大全,//dong.resgain.net/name_list.html
梁姓名字大全,//liang.resgain.net/name_list.html
杜姓名字大全,//du.resgain.net/name_list.html
阮姓名字大全,//ruan.resgain.net/name_list.html
蓝姓名字大全,//lan.resgain.net/name_list.html
闵姓名字大全,//min.resgain.net/name_list.html
席姓名字大全,//xi1.resgain.net/name_list.html
季姓名字大全,//ji2.resgain.net/name_list.html
麻姓名字大全,//ma1.resgain.net/name_list.html
强姓名字大全,//qiang.resgain.net/name_list.html
贾姓名字大全,//jia.resgain.net/name_list.html
路姓名字大全,//lu2.resgain.net/name_list.html
娄姓名字大全,//lou.resgain.net/name_list.html
危姓名字大全,//wei3.resgain.net/name_list.html
江姓名字大全,//jiang2.resgain.net/name_list.html
童姓名字大全,//tong.resgain.net/name_list.html
颜姓名字大全,//yan1.resgain.net/name_list.html
郭姓名字大全,//guo.resgain.net/name_list.html
梅姓名字大全,//mei.resgain.net/name_list.html
盛姓名字大全,//sheng.resgain.net/name_list.html
林姓名字大全,//lin.resgain.net/name_list.html
刁姓名字大全,//diao.resgain.net/name_list.html
钟姓名字大全,//tzeng.resgain.net/name_list.html
徐姓名字大全,//xu1.resgain.net/name_list.html
邱姓名字大全,//chiu.resgain.net/name_list.html
骆姓名字大全,//lo1.resgain.net/name_list.html
高姓名字大全,//gao.resgain.net/name_list.html
夏姓名字大全,//xia.resgain.net/name_list.html
蔡姓名字大全,//tzai.resgain.net/name_list.html
田姓名字大全,//tian.resgain.net/name_list.html
樊姓名字大全,//fan1.resgain.net/name_list.html
胡姓名字大全,//hu.resgain.net/name_list.html
凌姓名字大全,//ling.resgain.net/name_list.html
霍姓名字大全,//huo.resgain.net/name_list.html
虞姓名字大全,//yu5.resgain.net/name_list.html
万姓名字大全,//wan.resgain.net/name_list.html
支姓名字大全,//zhi.resgain.net/name_list.html
柯姓名字大全,//ke.resgain.net/name_list.html
昝姓名字大全,//zan.resgain.net/name_list.html
管姓名字大全,//guan.resgain.net/name_list.html
卢姓名字大全,//lu3.resgain.net/name_list.html
莫姓名字大全,//mo.resgain.net/name_list.html
房姓名字大全,//fang1.resgain.net/name_list.html
裘姓名字大全,//qiu.resgain.net/name_list.html
缪姓名字大全,//miao1.resgain.net/name_list.html
干姓名字大全,//gan.resgain.net/name_list.html
解姓名字大全,//xie1.resgain.net/name_list.html
应姓名字大全,//ying.resgain.net/name_list.html
宗姓名字大全,//zong.resgain.net/name_list.html
丁姓名字大全,//ding.resgain.net/name_list.html
宣姓名字大全,//xuan.resgain.net/name_list.html
贲姓名字大全,//ben.resgain.net/name_list.html
邓姓名字大全,//deng.resgain.net/name_list.html
郁姓名字大全,//yi.resgain.net/name_list.html
单姓名字大全,//shan.resgain.net/name_list.html
杭姓名字大全,//hang.resgain.net/name_list.html
洪姓名字大全,//hong.resgain.net/name_list.html
包姓名字大全,//bao1.resgain.net/name_list.html
诸姓名字大全,//zhu2.resgain.net/name_list.html
左姓名字大全,//zuo.resgain.net/name_list.html
石姓名字大全,//shi3.resgain.net/name_list.html
崔姓名字大全,//tzui.resgain.net/name_list.html
吉姓名字大全,//ji3.resgain.net/name_list.html
钮姓名字大全,//niu.resgain.net/name_list.html
龚姓名字大全,//gong.resgain.net/name_list.html
程姓名字大全,//cheng1.resgain.net/name_list.html
嵇姓名字大全,//ji4.resgain.net/name_list.html
邢姓名字大全,//xing.resgain.net/name_list.html
滑姓名字大全,//hua2.resgain.net/name_list.html
裴姓名字大全,//pei.resgain.net/name_list.html
陆姓名字大全,//lu4.resgain.net/name_list.html
荣姓名字大全,//rong.resgain.net/name_list.html
翁姓名字大全,//ong.resgain.net/name_list.html
荀姓名字大全,//xun.resgain.net/name_list.html
羊姓名字大全,//yang1.resgain.net/name_list.html
惠姓名字大全,//fei1.resgain.net/name_list.html
甄姓名字大全,//zhen.resgain.net/name_list.html
曲姓名字大全,//qu1.resgain.net/name_list.html
家姓名字大全,//jia1.resgain.net/name_list.html
封姓名字大全,//feng3.resgain.net/name_list.html
芮姓名字大全,//zui.resgain.net/name_list.html
羿姓名字大全,//yi1.resgain.net/name_list.html
储姓名字大全,//chu1.resgain.net/name_list.html
靳姓名字大全,//jin1.resgain.net/name_list.html
汲姓名字大全,//ji5.resgain.net/name_list.html
邴姓名字大全,//bing.resgain.net/name_list.html
糜姓名字大全,//mi1.resgain.net/name_list.html
松姓名字大全,//song1.resgain.net/name_list.html
井姓名字大全,//jing.resgain.net/name_list.html
段姓名字大全,//duan.resgain.net/name_list.html
富姓名字大全,//fu2.resgain.net/name_list.html
巫姓名字大全,//wu3.resgain.net/name_list.html
乌姓名字大全,//wu4.resgain.net/name_list.html
焦姓名字大全,//jiao.resgain.net/name_list.html
巴姓名字大全,//ba.resgain.net/name_list.html
弓姓名字大全,//gong1.resgain.net/name_list.html
牧姓名字大全,//mu1.resgain.net/name_list.html
隗姓名字大全,//kui.resgain.net/name_list.html
山姓名字大全,//shan1.resgain.net/name_list.html
谷姓名字大全,//gu1.resgain.net/name_list.html
车姓名字大全,//che.resgain.net/name_list.html
侯姓名字大全,//hou.resgain.net/name_list.html
宓姓名字大全,//mi2.resgain.net/name_list.html
蓬姓名字大全,//peng1.resgain.net/name_list.html
全姓名字大全,//quan.resgain.net/name_list.html
郗姓名字大全,//xi2.resgain.net/name_list.html
班姓名字大全,//ban.resgain.net/name_list.html
仰姓名字大全,//yang2.resgain.net/name_list.html
秋姓名字大全,//qiu1.resgain.net/name_list.html
仲姓名字大全,//zhong.resgain.net/name_list.html
伊姓名字大全,//yi2.resgain.net/name_list.html
宫姓名字大全,//gong2.resgain.net/name_list.html
宁姓名字大全,//ning.resgain.net/name_list.html
仇姓名字大全,//qiu2.resgain.net/name_list.html
栾姓名字大全,//luan.resgain.net/name_list.html
暴姓名字大全,//bao2.resgain.net/name_list.html
甘姓名字大全,//gan1.resgain.net/name_list.html
钭姓名字大全,//tou.resgain.net/name_list.html
历姓名字大全,//li1.resgain.net/name_list.html
戎姓名字大全,//rong1.resgain.net/name_list.html
祖姓名字大全,//zu.resgain.net/name_list.html
武姓名字大全,//wu5.resgain.net/name_list.html
符姓名字大全,//fu3.resgain.net/name_list.html
刘姓名字大全,//liu1.resgain.net/name_list.html
景姓名字大全,//jing1.resgain.net/name_list.html
詹姓名字大全,//zhan1.resgain.net/name_list.html
束姓名字大全,//shu1.resgain.net/name_list.html
龙姓名字大全,//long.resgain.net/name_list.html
叶姓名字大全,//ye.resgain.net/name_list.html
幸姓名字大全,//xing1.resgain.net/name_list.html
司姓名字大全,//shu2.resgain.net/name_list.html
韶姓名字大全,//shao1.resgain.net/name_list.html
郜姓名字大全,//gao1.resgain.net/name_list.html
黎姓名字大全,//li2.resgain.net/name_list.html
蓟姓名字大全,//ji6.resgain.net/name_list.html
溥姓名字大全,//pu.resgain.net/name_list.html
印姓名字大全,//yin2.resgain.net/name_list.html
宿姓名字大全,//su1.resgain.net/name_list.html
白姓名字大全,//bai1.resgain.net/name_list.html
怀姓名字大全,//why.resgain.net/name_list.html
蒲姓名字大全,//pu1.resgain.net/name_list.html
邰姓名字大全,//tai.resgain.net/name_list.html
从姓名字大全,//cong.resgain.net/name_list.html
鄂姓名字大全,//oh.resgain.net/name_list.html
索姓名字大全,//suo.resgain.net/name_list.html
咸姓名字大全,//xian.resgain.net/name_list.html
籍姓名字大全,//ji7.resgain.net/name_list.html
赖姓名字大全,//lai.resgain.net/name_list.html
卓姓名字大全,//zhuo.resgain.net/name_list.html
蔺姓名字大全,//lin1.resgain.net/name_list.html
屠姓名字大全,//tu.resgain.net/name_list.html
蒙姓名字大全,//mong.resgain.net/name_list.html
池姓名字大全,//tzu.resgain.net/name_list.html
乔姓名字大全,//qiao.resgain.net/name_list.html
阳姓名字大全,//yang3.resgain.net/name_list.html
胥姓名字大全,//shi4.resgain.net/name_list.html
能姓名字大全,//neng.resgain.net/name_list.html
苍姓名字大全,//tzang.resgain.net/name_list.html
双姓名字大全,//shuang.resgain.net/name_list.html
闻姓名字大全,//wen.resgain.net/name_list.html
莘姓名字大全,//shen1.resgain.net/name_list.html
党姓名字大全,//dang.resgain.net/name_list.html
翟姓名字大全,//zhai.resgain.net/name_list.html
谭姓名字大全,//tan1.resgain.net/name_list.html
贡姓名字大全,//gong3.resgain.net/name_list.html
劳姓名字大全,//lao.resgain.net/name_list.html
逄姓名字大全,//pang1.resgain.net/name_list.html
姬姓名字大全,//ji8.resgain.net/name_list.html
申姓名字大全,//shen2.resgain.net/name_list.html
扶姓名字大全,//fu4.resgain.net/name_list.html
堵姓名字大全,//du1.resgain.net/name_list.html
冉姓名字大全,//ran.resgain.net/name_list.html
宰姓名字大全,//zai.resgain.net/name_list.html
郦姓名字大全,//li3.resgain.net/name_list.html
雍姓名字大全,//yong.resgain.net/name_list.html
却姓名字大全,//chai.resgain.net/name_list.html
璩姓名字大全,//chi.resgain.net/name_list.html
桑姓名字大全,//sang.resgain.net/name_list.html
桂姓名字大全,//gui.resgain.net/name_list.html
濮姓名字大全,//pu2.resgain.net/name_list.html
牛姓名字大全,//niu1.resgain.net/name_list.html
寿姓名字大全,//shou.resgain.net/name_list.html
通姓名字大全,//tong1.resgain.net/name_list.html
边姓名字大全,//bian1.resgain.net/name_list.html
扈姓名字大全,//hu1.resgain.net/name_list.html
燕姓名字大全,//yan2.resgain.net/name_list.html
冀姓名字大全,//ji9.resgain.net/name_list.html
浦姓名字大全,//pu3.resgain.net/name_list.html
尚姓名字大全,//shang.resgain.net/name_list.html
农姓名字大全,//nong.resgain.net/name_list.html
温姓名字大全,//wen1.resgain.net/name_list.html
别姓名字大全,//bei1.resgain.net/name_list.html
庄姓名字大全,//zhuang.resgain.net/name_list.html
晏姓名字大全,//yan3.resgain.net/name_list.html
柴姓名字大全,//tzai1.resgain.net/name_list.html
瞿姓名字大全,//che1.resgain.net/name_list.html
阎姓名字大全,//yan4.resgain.net/name_list.html
充姓名字大全,//chong.resgain.net/name_list.html
慕姓名字大全,//mu2.resgain.net/name_list.html
连姓名字大全,//lian1.resgain.net/name_list.html
茹姓名字大全,//ru.resgain.net/name_list.html
习姓名字大全,//xi3.resgain.net/name_list.html
宦姓名字大全,//huan.resgain.net/name_list.html
艾姓名字大全,//ai.resgain.net/name_list.html
鱼姓名字大全,//yu6.resgain.net/name_list.html
容姓名字大全,//rong2.resgain.net/name_list.html
向姓名字大全,//xiang1.resgain.net/name_list.html
古姓名字大全,//gu2.resgain.net/name_list.html
易姓名字大全,//yi3.resgain.net/name_list.html
慎姓名字大全,//shen3.resgain.net/name_list.html
戈姓名字大全,//ge1.resgain.net/name_list.html
廖姓名字大全,//liao.resgain.net/name_list.html
庾姓名字大全,//yu7.resgain.net/name_list.html
终姓名字大全,//zhong1.resgain.net/name_list.html
暨姓名字大全,//ji10.resgain.net/name_list.html
居姓名字大全,//ju.resgain.net/name_list.html
衡姓名字大全,//heng.resgain.net/name_list.html
步姓名字大全,//bu1.resgain.net/name_list.html
都姓名字大全,//du2.resgain.net/name_list.html
耿姓名字大全,//geng.resgain.net/name_list.html
满姓名字大全,//man.resgain.net/name_list.html
弘姓名字大全,//hong1.resgain.net/name_list.html
匡姓名字大全,//kuang.resgain.net/name_list.html
国姓名字大全,//guo1.resgain.net/name_list.html
文姓名字大全,//wen2.resgain.net/name_list.html
寇姓名字大全,//kou.resgain.net/name_list.html
广姓名字大全,//kuang1.resgain.net/name_list.html
禄姓名字大全,//lu5.resgain.net/name_list.html
阙姓名字大全,//que.resgain.net/name_list.html
东姓名字大全,//dong1.resgain.net/name_list.html
欧姓名字大全,//ou.resgain.net/name_list.html
殳姓名字大全,//shu3.resgain.net/name_list.html
沃姓名字大全,//wo.resgain.net/name_list.html
利姓名字大全,//li4.resgain.net/name_list.html
蔚姓名字大全,//yu8.resgain.net/name_list.html
越姓名字大全,//yei.resgain.net/name_list.html
夔姓名字大全,//kui1.resgain.net/name_list.html
隆姓名字大全,//long1.resgain.net/name_list.html
师姓名字大全,//shu4.resgain.net/name_list.html
巩姓名字大全,//gong4.resgain.net/name_list.html
厍姓名字大全,//she.resgain.net/name_list.html
聂姓名字大全,//nie.resgain.net/name_list.html
晁姓名字大全,//chao.resgain.net/name_list.html
勾姓名字大全,//gou.resgain.net/name_list.html
敖姓名字大全,//ao.resgain.net/name_list.html
融姓名字大全,//rong3.resgain.net/name_list.html
冷姓名字大全,//leng.resgain.net/name_list.html
訾姓名字大全,//zi.resgain.net/name_list.html
辛姓名字大全,//xin.resgain.net/name_list.html
阚姓名字大全,//kan.resgain.net/name_list.html
那姓名字大全,//na.resgain.net/name_list.html
简姓名字大全,//jian.resgain.net/name_list.html
饶姓名字大全,//rao.resgain.net/name_list.html
空姓名字大全,//kong1.resgain.net/name_list.html
曾姓名字大全,//tzeng1.resgain.net/name_list.html
毋姓名字大全,//wu6.resgain.net/name_list.html
沙姓名字大全,//sha.resgain.net/name_list.html
乜姓名字大全,//nie1.resgain.net/name_list.html
养姓名字大全,//yang4.resgain.net/name_list.html
鞠姓名字大全,//ju1.resgain.net/name_list.html
须姓名字大全,//shi5.resgain.net/name_list.html
丰姓名字大全,//feng4.resgain.net/name_list.html
巢姓名字大全,//tzao1.resgain.net/name_list.html
关姓名字大全,//guan1.resgain.net/name_list.html
蒯姓名字大全,//kuai.resgain.net/name_list.html
相姓名字大全,//xiang2.resgain.net/name_list.html
查姓名字大全,//chah.resgain.net/name_list.html
后姓名字大全,//hou1.resgain.net/name_list.html
荆姓名字大全,//jing2.resgain.net/name_list.html
红姓名字大全,//hong2.resgain.net/name_list.html
游姓名字大全,//you1.resgain.net/name_list.html
竺姓名字大全,//zhu3.resgain.net/name_list.html
权姓名字大全,//quan1.resgain.net/name_list.html
逮姓名字大全,//dai1.resgain.net/name_list.html
益姓名字大全,//yi4.resgain.net/name_list.html
桓姓名字大全,//huan1.resgain.net/name_list.html
公姓名字大全,//gong5.resgain.net/name_list.html
万俟姓名字大全,//moqi.resgain.net/name_list.html
司马姓名字大全,//shuma.resgain.net/name_list.html
上官姓名字大全,//shangguan.resgain.net/name_list.html
欧阳姓名字大全,//ooyang.resgain.net/name_list.html
夏侯姓名字大全,//shaho.resgain.net/name_list.html
诸葛姓名字大全,//zuguo.resgain.net/name_list.html
闻人姓名字大全,//wenren.resgain.net/name_list.html
东方姓名字大全,//dongfang.resgain.net/name_list.html
赫连姓名字大全,//helian.resgain.net/name_list.html
皇甫姓名字大全,//huangfu.resgain.net/name_list.html
尉迟姓名字大全,//yuchi.resgain.net/name_list.html
公羊姓名字大全,//gongyang.resgain.net/name_list.html
澹台姓名字大全,//tantai.resgain.net/name_list.html
公冶姓名字大全,//gongye.resgain.net/name_list.html
宗政姓名字大全,//zongzheng.resgain.net/name_list.html
濮阳姓名字大全,//puyang.resgain.net/name_list.html
淳于姓名字大全,//chunyu.resgain.net/name_list.html
单于姓名字大全,//shanyu.resgain.net/name_list.html
太叔姓名字大全,//taishu.resgain.net/name_list.html
申屠姓名字大全,//shentu.resgain.net/name_list.html
公孙姓名字大全,//gongsun.resgain.net/name_list.html
仲孙姓名字大全,//zhongsun.resgain.net/name_list.html
轩辕姓名字大全,//xuanyuan.resgain.net/name_list.html
令狐姓名字大全,//linghu.resgain.net/name_list.html
徐离姓名字大全,//xuli.resgain.net/name_list.html
宇文姓名字大全,//yuwen.resgain.net/name_list.html
长孙姓名字大全,//zhangsun.resgain.net/name_list.html
慕容姓名字大全,//murong.resgain.net/name_list.html
司徒姓名字大全,//situ.resgain.net/name_list.html
司空姓名字大全,//sikong.resgain.net/name_list.html
楼姓名字大全,//lou1.resgain.net/name_list.html
楚姓名字大全,//chu2.resgain.net/name_list.html
first_name,url
赵姓名字大全,//zhao.resgain.net/name_list.html
钱姓名字大全,//qian.resgain.net/name_list.html
孙姓名字大全,//sun.resgain.net/name_list.html
李姓名字大全,//li.resgain.net/name_list.html
周姓名字大全,//zhou.resgain.net/name_list.html
吴姓名字大全,//wu.resgain.net/name_list.html
郑姓名字大全,//zheng.resgain.net/name_list.html
王姓名字大全,//wang.resgain.net/name_list.html
冯姓名字大全,//feng.resgain.net/name_list.html
陈姓名字大全,//chen.resgain.net/name_list.html
褚姓名字大全,//chu.resgain.net/name_list.html
卫姓名字大全,//wei.resgain.net/name_list.html
蒋姓名字大全,//jiang.resgain.net/name_list.html
沈姓名字大全,//shen.resgain.net/name_list.html
韩姓名字大全,//han.resgain.net/name_list.html
杨姓名字大全,//yang.resgain.net/name_list.html
朱姓名字大全,//zhu.resgain.net/name_list.html
秦姓名字大全,//qin.resgain.net/name_list.html
尤姓名字大全,//you.resgain.net/name_list.html
许姓名字大全,//xu.resgain.net/name_list.html
何姓名字大全,//ho.resgain.net/name_list.html
吕姓名字大全,//lu.resgain.net/name_list.html
施姓名字大全,//shi.resgain.net/name_list.html
张姓名字大全,//zhang.resgain.net/name_list.html
孔姓名字大全,//kong.resgain.net/name_list.html
曹姓名字大全,//tzao.resgain.net/name_list.html
严姓名字大全,//yan.resgain.net/name_list.html
华姓名字大全,//hua.resgain.net/name_list.html
金姓名字大全,//jin.resgain.net/name_list.html
魏姓名字大全,//wei1.resgain.net/name_list.html
陶姓名字大全,//tao.resgain.net/name_list.html
姜姓名字大全,//jiang1.resgain.net/name_list.html
戚姓名字大全,//qi.resgain.net/name_list.html
谢姓名字大全,//xie.resgain.net/name_list.html
邹姓名字大全,//zou.resgain.net/name_list.html
喻姓名字大全,//yu.resgain.net/name_list.html
柏姓名字大全,//bai.resgain.net/name_list.html
水姓名字大全,//shui.resgain.net/name_list.html
窦姓名字大全,//dou.resgain.net/name_list.html
章姓名字大全,//zhang1.resgain.net/name_list.html
云姓名字大全,//yun.resgain.net/name_list.html
苏姓名字大全,//su.resgain.net/name_list.html
潘姓名字大全,//pan.resgain.net/name_list.html
葛姓名字大全,//ge.resgain.net/name_list.html
奚姓名字大全,//xi.resgain.net/name_list.html
范姓名字大全,//fan.resgain.net/name_list.html
彭姓名字大全,//peng.resgain.net/name_list.html
郎姓名字大全,//lang.resgain.net/name_list.html
鲁姓名字大全,//lu1.resgain.net/name_list.html
韦姓名字大全,//wei2.resgain.net/name_list.html
昌姓名字大全,//chang.resgain.net/name_list.html
马姓名字大全,//ma.resgain.net/name_list.html
苗姓名字大全,//miao.resgain.net/name_list.html
凤姓名字大全,//feng1.resgain.net/name_list.html
花姓名字大全,//hua1.resgain.net/name_list.html
方姓名字大全,//fang.resgain.net/name_list.html
俞姓名字大全,//yu1.resgain.net/name_list.html
任姓名字大全,//ren.resgain.net/name_list.html
袁姓名字大全,//yuan.resgain.net/name_list.html
柳姓名字大全,//liu.resgain.net/name_list.html
酆姓名字大全,//feng2.resgain.net/name_list.html
鲍姓名字大全,//bao.resgain.net/name_list.html
史姓名字大全,//shi1.resgain.net/name_list.html
唐姓名字大全,//tang.resgain.net/name_list.html
费姓名字大全,//fei.resgain.net/name_list.html
廉姓名字大全,//lian.resgain.net/name_list.html
岑姓名字大全,//cen.resgain.net/name_list.html
薛姓名字大全,//xue.resgain.net/name_list.html
雷姓名字大全,//lei.resgain.net/name_list.html
贺姓名字大全,//he.resgain.net/name_list.html
倪姓名字大全,//ni.resgain.net/name_list.html
汤姓名字大全,//tang1.resgain.net/name_list.html
滕姓名字大全,//teng.resgain.net/name_list.html
殷姓名字大全,//yin.resgain.net/name_list.html
罗姓名字大全,//lo.resgain.net/name_list.html
毕姓名字大全,//bi.resgain.net/name_list.html
郝姓名字大全,//hao.resgain.net/name_list.html
邬姓名字大全,//wu1.resgain.net/name_list.html
安姓名字大全,//an.resgain.net/name_list.html
常姓名字大全,//chang1.resgain.net/name_list.html
乐姓名字大全,//yue.resgain.net/name_list.html
于姓名字大全,//yu2.resgain.net/name_list.html
时姓名字大全,//shi2.resgain.net/name_list.html
傅姓名字大全,//fu.resgain.net/name_list.html
皮姓名字大全,//pi.resgain.net/name_list.html
卞姓名字大全,//bian.resgain.net/name_list.html
齐姓名字大全,//qi1.resgain.net/name_list.html
康姓名字大全,//kang.resgain.net/name_list.html
伍姓名字大全,//wu2.resgain.net/name_list.html
余姓名字大全,//yu3.resgain.net/name_list.html
元姓名字大全,//yuan1.resgain.net/name_list.html
卜姓名字大全,//bu.resgain.net/name_list.html
顾姓名字大全,//gu.resgain.net/name_list.html
孟姓名字大全,//meng.resgain.net/name_list.html
平姓名字大全,//ping.resgain.net/name_list.html
黄姓名字大全,//huang.resgain.net/name_list.html
和姓名字大全,//he1.resgain.net/name_list.html
穆姓名字大全,//mu.resgain.net/name_list.html
萧姓名字大全,//xiao.resgain.net/name_list.html
尹姓名字大全,//yin1.resgain.net/name_list.html
姚姓名字大全,//yao.resgain.net/name_list.html
邵姓名字大全,//shao.resgain.net/name_list.html
湛姓名字大全,//zhan.resgain.net/name_list.html
汪姓名字大全,//wang1.resgain.net/name_list.html
祁姓名字大全,//qi2.resgain.net/name_list.html
毛姓名字大全,//mao.resgain.net/name_list.html
禹姓名字大全,//yu4.resgain.net/name_list.html
狄姓名字大全,//di.resgain.net/name_list.html
米姓名字大全,//mi.resgain.net/name_list.html
贝姓名字大全,//bei.resgain.net/name_list.html
明姓名字大全,//ming.resgain.net/name_list.html
臧姓名字大全,//zang.resgain.net/name_list.html
计姓名字大全,//ji.resgain.net/name_list.html
伏姓名字大全,//fu1.resgain.net/name_list.html
成姓名字大全,//cheng.resgain.net/name_list.html
戴姓名字大全,//dai.resgain.net/name_list.html
谈姓名字大全,//tan.resgain.net/name_list.html
宋姓名字大全,//song.resgain.net/name_list.html
茅姓名字大全,//mao1.resgain.net/name_list.html
庞姓名字大全,//pang.resgain.net/name_list.html
熊姓名字大全,//xiong.resgain.net/name_list.html
纪姓名字大全,//ji1.resgain.net/name_list.html
舒姓名字大全,//shu.resgain.net/name_list.html
屈姓名字大全,//qu.resgain.net/name_list.html
项姓名字大全,//xiang.resgain.net/name_list.html
祝姓名字大全,//zhu1.resgain.net/name_list.html
董姓名字大全,//dong.resgain.net/name_list.html
梁姓名字大全,//liang.resgain.net/name_list.html
杜姓名字大全,//du.resgain.net/name_list.html
阮姓名字大全,//ruan.resgain.net/name_list.html
蓝姓名字大全,//lan.resgain.net/name_list.html
闵姓名字大全,//min.resgain.net/name_list.html
席姓名字大全,//xi1.resgain.net/name_list.html
季姓名字大全,//ji2.resgain.net/name_list.html
麻姓名字大全,//ma1.resgain.net/name_list.html
强姓名字大全,//qiang.resgain.net/name_list.html
贾姓名字大全,//jia.resgain.net/name_list.html
路姓名字大全,//lu2.resgain.net/name_list.html
娄姓名字大全,//lou.resgain.net/name_list.html
危姓名字大全,//wei3.resgain.net/name_list.html
江姓名字大全,//jiang2.resgain.net/name_list.html
童姓名字大全,//tong.resgain.net/name_list.html
颜姓名字大全,//yan1.resgain.net/name_list.html
郭姓名字大全,//guo.resgain.net/name_list.html
梅姓名字大全,//mei.resgain.net/name_list.html
盛姓名字大全,//sheng.resgain.net/name_list.html
林姓名字大全,//lin.resgain.net/name_list.html
刁姓名字大全,//diao.resgain.net/name_list.html
钟姓名字大全,//tzeng.resgain.net/name_list.html
徐姓名字大全,//xu1.resgain.net/name_list.html
邱姓名字大全,//chiu.resgain.net/name_list.html
骆姓名字大全,//lo1.resgain.net/name_list.html
高姓名字大全,//gao.resgain.net/name_list.html
夏姓名字大全,//xia.resgain.net/name_list.html
蔡姓名字大全,//tzai.resgain.net/name_list.html
田姓名字大全,//tian.resgain.net/name_list.html
樊姓名字大全,//fan1.resgain.net/name_list.html
胡姓名字大全,//hu.resgain.net/name_list.html
凌姓名字大全,//ling.resgain.net/name_list.html
霍姓名字大全,//huo.resgain.net/name_list.html
虞姓名字大全,//yu5.resgain.net/name_list.html
万姓名字大全,//wan.resgain.net/name_list.html
支姓名字大全,//zhi.resgain.net/name_list.html
柯姓名字大全,//ke.resgain.net/name_list.html
昝姓名字大全,//zan.resgain.net/name_list.html
管姓名字大全,//guan.resgain.net/name_list.html
卢姓名字大全,//lu3.resgain.net/name_list.html
莫姓名字大全,//mo.resgain.net/name_list.html
房姓名字大全,//fang1.resgain.net/name_list.html
裘姓名字大全,//qiu.resgain.net/name_list.html
缪姓名字大全,//miao1.resgain.net/name_list.html
干姓名字大全,//gan.resgain.net/name_list.html
解姓名字大全,//xie1.resgain.net/name_list.html
应姓名字大全,//ying.resgain.net/name_list.html
宗姓名字大全,//zong.resgain.net/name_list.html
丁姓名字大全,//ding.resgain.net/name_list.html
宣姓名字大全,//xuan.resgain.net/name_list.html
贲姓名字大全,//ben.resgain.net/name_list.html
邓姓名字大全,//deng.resgain.net/name_list.html
郁姓名字大全,//yi.resgain.net/name_list.html
单姓名字大全,//shan.resgain.net/name_list.html
杭姓名字大全,//hang.resgain.net/name_list.html
洪姓名字大全,//hong.resgain.net/name_list.html
包姓名字大全,//bao1.resgain.net/name_list.html
诸姓名字大全,//zhu2.resgain.net/name_list.html
左姓名字大全,//zuo.resgain.net/name_list.html
石姓名字大全,//shi3.resgain.net/name_list.html
崔姓名字大全,//tzui.resgain.net/name_list.html
吉姓名字大全,//ji3.resgain.net/name_list.html
钮姓名字大全,//niu.resgain.net/name_list.html
龚姓名字大全,//gong.resgain.net/name_list.html
程姓名字大全,//cheng1.resgain.net/name_list.html
嵇姓名字大全,//ji4.resgain.net/name_list.html
邢姓名字大全,//xing.resgain.net/name_list.html
滑姓名字大全,//hua2.resgain.net/name_list.html
裴姓名字大全,//pei.resgain.net/name_list.html
陆姓名字大全,//lu4.resgain.net/name_list.html
荣姓名字大全,//rong.resgain.net/name_list.html
翁姓名字大全,//ong.resgain.net/name_list.html
荀姓名字大全,//xun.resgain.net/name_list.html
羊姓名字大全,//yang1.resgain.net/name_list.html
惠姓名字大全,//fei1.resgain.net/name_list.html
甄姓名字大全,//zhen.resgain.net/name_list.html
曲姓名字大全,//qu1.resgain.net/name_list.html
家姓名字大全,//jia1.resgain.net/name_list.html
封姓名字大全,//feng3.resgain.net/name_list.html
芮姓名字大全,//zui.resgain.net/name_list.html
羿姓名字大全,//yi1.resgain.net/name_list.html
储姓名字大全,//chu1.resgain.net/name_list.html
靳姓名字大全,//jin1.resgain.net/name_list.html
汲姓名字大全,//ji5.resgain.net/name_list.html
邴姓名字大全,//bing.resgain.net/name_list.html
糜姓名字大全,//mi1.resgain.net/name_list.html
松姓名字大全,//song1.resgain.net/name_list.html
井姓名字大全,//jing.resgain.net/name_list.html
段姓名字大全,//duan.resgain.net/name_list.html
富姓名字大全,//fu2.resgain.net/name_list.html
巫姓名字大全,//wu3.resgain.net/name_list.html
乌姓名字大全,//wu4.resgain.net/name_list.html
焦姓名字大全,//jiao.resgain.net/name_list.html
巴姓名字大全,//ba.resgain.net/name_list.html
弓姓名字大全,//gong1.resgain.net/name_list.html
牧姓名字大全,//mu1.resgain.net/name_list.html
隗姓名字大全,//kui.resgain.net/name_list.html
山姓名字大全,//shan1.resgain.net/name_list.html
谷姓名字大全,//gu1.resgain.net/name_list.html
车姓名字大全,//che.resgain.net/name_list.html
侯姓名字大全,//hou.resgain.net/name_list.html
宓姓名字大全,//mi2.resgain.net/name_list.html
蓬姓名字大全,//peng1.resgain.net/name_list.html
全姓名字大全,//quan.resgain.net/name_list.html
郗姓名字大全,//xi2.resgain.net/name_list.html
班姓名字大全,//ban.resgain.net/name_list.html
仰姓名字大全,//yang2.resgain.net/name_list.html
秋姓名字大全,//qiu1.resgain.net/name_list.html
仲姓名字大全,//zhong.resgain.net/name_list.html
伊姓名字大全,//yi2.resgain.net/name_list.html
宫姓名字大全,//gong2.resgain.net/name_list.html
宁姓名字大全,//ning.resgain.net/name_list.html
仇姓名字大全,//qiu2.resgain.net/name_list.html
栾姓名字大全,//luan.resgain.net/name_list.html
暴姓名字大全,//bao2.resgain.net/name_list.html
甘姓名字大全,//gan1.resgain.net/name_list.html
钭姓名字大全,//tou.resgain.net/name_list.html
历姓名字大全,//li1.resgain.net/name_list.html
戎姓名字大全,//rong1.resgain.net/name_list.html
祖姓名字大全,//zu.resgain.net/name_list.html
武姓名字大全,//wu5.resgain.net/name_list.html
符姓名字大全,//fu3.resgain.net/name_list.html
刘姓名字大全,//liu1.resgain.net/name_list.html
景姓名字大全,//jing1.resgain.net/name_list.html
詹姓名字大全,//zhan1.resgain.net/name_list.html
束姓名字大全,//shu1.resgain.net/name_list.html
龙姓名字大全,//long.resgain.net/name_list.html
叶姓名字大全,//ye.resgain.net/name_list.html
幸姓名字大全,//xing1.resgain.net/name_list.html
司姓名字大全,//shu2.resgain.net/name_list.html
韶姓名字大全,//shao1.resgain.net/name_list.html
郜姓名字大全,//gao1.resgain.net/name_list.html
黎姓名字大全,//li2.resgain.net/name_list.html
蓟姓名字大全,//ji6.resgain.net/name_list.html
溥姓名字大全,//pu.resgain.net/name_list.html
印姓名字大全,//yin2.resgain.net/name_list.html
宿姓名字大全,//su1.resgain.net/name_list.html
白姓名字大全,//bai1.resgain.net/name_list.html
怀姓名字大全,//why.resgain.net/name_list.html
蒲姓名字大全,//pu1.resgain.net/name_list.html
邰姓名字大全,//tai.resgain.net/name_list.html
从姓名字大全,//cong.resgain.net/name_list.html
鄂姓名字大全,//oh.resgain.net/name_list.html
索姓名字大全,//suo.resgain.net/name_list.html
咸姓名字大全,//xian.resgain.net/name_list.html
籍姓名字大全,//ji7.resgain.net/name_list.html
赖姓名字大全,//lai.resgain.net/name_list.html
卓姓名字大全,//zhuo.resgain.net/name_list.html
蔺姓名字大全,//lin1.resgain.net/name_list.html
屠姓名字大全,//tu.resgain.net/name_list.html
蒙姓名字大全,//mong.resgain.net/name_list.html
池姓名字大全,//tzu.resgain.net/name_list.html
乔姓名字大全,//qiao.resgain.net/name_list.html
阳姓名字大全,//yang3.resgain.net/name_list.html
胥姓名字大全,//shi4.resgain.net/name_list.html
能姓名字大全,//neng.resgain.net/name_list.html
苍姓名字大全,//tzang.resgain.net/name_list.html
双姓名字大全,//shuang.resgain.net/name_list.html
闻姓名字大全,//wen.resgain.net/name_list.html
莘姓名字大全,//shen1.resgain.net/name_list.html
党姓名字大全,//dang.resgain.net/name_list.html
翟姓名字大全,//zhai.resgain.net/name_list.html
谭姓名字大全,//tan1.resgain.net/name_list.html
贡姓名字大全,//gong3.resgain.net/name_list.html
劳姓名字大全,//lao.resgain.net/name_list.html
逄姓名字大全,//pang1.resgain.net/name_list.html
姬姓名字大全,//ji8.resgain.net/name_list.html
申姓名字大全,//shen2.resgain.net/name_list.html
扶姓名字大全,//fu4.resgain.net/name_list.html
堵姓名字大全,//du1.resgain.net/name_list.html
冉姓名字大全,//ran.resgain.net/name_list.html
宰姓名字大全,//zai.resgain.net/name_list.html
郦姓名字大全,//li3.resgain.net/name_list.html
雍姓名字大全,//yong.resgain.net/name_list.html
却姓名字大全,//chai.resgain.net/name_list.html
璩姓名字大全,//chi.resgain.net/name_list.html
桑姓名字大全,//sang.resgain.net/name_list.html
桂姓名字大全,//gui.resgain.net/name_list.html
濮姓名字大全,//pu2.resgain.net/name_list.html
牛姓名字大全,//niu1.resgain.net/name_list.html
寿姓名字大全,//shou.resgain.net/name_list.html
通姓名字大全,//tong1.resgain.net/name_list.html
边姓名字大全,//bian1.resgain.net/name_list.html
扈姓名字大全,//hu1.resgain.net/name_list.html
燕姓名字大全,//yan2.resgain.net/name_list.html
冀姓名字大全,//ji9.resgain.net/name_list.html
浦姓名字大全,//pu3.resgain.net/name_list.html
尚姓名字大全,//shang.resgain.net/name_list.html
农姓名字大全,//nong.resgain.net/name_list.html
温姓名字大全,//wen1.resgain.net/name_list.html
别姓名字大全,//bei1.resgain.net/name_list.html
庄姓名字大全,//zhuang.resgain.net/name_list.html
晏姓名字大全,//yan3.resgain.net/name_list.html
柴姓名字大全,//tzai1.resgain.net/name_list.html
瞿姓名字大全,//che1.resgain.net/name_list.html
阎姓名字大全,//yan4.resgain.net/name_list.html
充姓名字大全,//chong.resgain.net/name_list.html
慕姓名字大全,//mu2.resgain.net/name_list.html
连姓名字大全,//lian1.resgain.net/name_list.html
茹姓名字大全,//ru.resgain.net/name_list.html
习姓名字大全,//xi3.resgain.net/name_list.html
宦姓名字大全,//huan.resgain.net/name_list.html
艾姓名字大全,//ai.resgain.net/name_list.html
鱼姓名字大全,//yu6.resgain.net/name_list.html
容姓名字大全,//rong2.resgain.net/name_list.html
向姓名字大全,//xiang1.resgain.net/name_list.html
古姓名字大全,//gu2.resgain.net/name_list.html
易姓名字大全,//yi3.resgain.net/name_list.html
慎姓名字大全,//shen3.resgain.net/name_list.html
戈姓名字大全,//ge1.resgain.net/name_list.html
廖姓名字大全,//liao.resgain.net/name_list.html
庾姓名字大全,//yu7.resgain.net/name_list.html
终姓名字大全,//zhong1.resgain.net/name_list.html
暨姓名字大全,//ji10.resgain.net/name_list.html
居姓名字大全,//ju.resgain.net/name_list.html
衡姓名字大全,//heng.resgain.net/name_list.html
步姓名字大全,//bu1.resgain.net/name_list.html
都姓名字大全,//du2.resgain.net/name_list.html
耿姓名字大全,//geng.resgain.net/name_list.html
满姓名字大全,//man.resgain.net/name_list.html
弘姓名字大全,//hong1.resgain.net/name_list.html
匡姓名字大全,//kuang.resgain.net/name_list.html
国姓名字大全,//guo1.resgain.net/name_list.html
文姓名字大全,//wen2.resgain.net/name_list.html
寇姓名字大全,//kou.resgain.net/name_list.html
广姓名字大全,//kuang1.resgain.net/name_list.html
禄姓名字大全,//lu5.resgain.net/name_list.html
阙姓名字大全,//que.resgain.net/name_list.html
东姓名字大全,//dong1.resgain.net/name_list.html
欧姓名字大全,//ou.resgain.net/name_list.html
殳姓名字大全,//shu3.resgain.net/name_list.html
沃姓名字大全,//wo.resgain.net/name_list.html
利姓名字大全,//li4.resgain.net/name_list.html
蔚姓名字大全,//yu8.resgain.net/name_list.html
越姓名字大全,//yei.resgain.net/name_list.html
夔姓名字大全,//kui1.resgain.net/name_list.html
隆姓名字大全,//long1.resgain.net/name_list.html
师姓名字大全,//shu4.resgain.net/name_list.html
巩姓名字大全,//gong4.resgain.net/name_list.html
厍姓名字大全,//she.resgain.net/name_list.html
聂姓名字大全,//nie.resgain.net/name_list.html
晁姓名字大全,//chao.resgain.net/name_list.html
勾姓名字大全,//gou.resgain.net/name_list.html
敖姓名字大全,//ao.resgain.net/name_list.html
融姓名字大全,//rong3.resgain.net/name_list.html
冷姓名字大全,//leng.resgain.net/name_list.html
訾姓名字大全,//zi.resgain.net/name_list.html
辛姓名字大全,//xin.resgain.net/name_list.html
阚姓名字大全,//kan.resgain.net/name_list.html
那姓名字大全,//na.resgain.net/name_list.html
简姓名字大全,//jian.resgain.net/name_list.html
饶姓名字大全,//rao.resgain.net/name_list.html
空姓名字大全,//kong1.resgain.net/name_list.html
曾姓名字大全,//tzeng1.resgain.net/name_list.html
毋姓名字大全,//wu6.resgain.net/name_list.html
沙姓名字大全,//sha.resgain.net/name_list.html
乜姓名字大全,//nie1.resgain.net/name_list.html
养姓名字大全,//yang4.resgain.net/name_list.html
鞠姓名字大全,//ju1.resgain.net/name_list.html
须姓名字大全,//shi5.resgain.net/name_list.html
丰姓名字大全,//feng4.resgain.net/name_list.html
巢姓名字大全,//tzao1.resgain.net/name_list.html
关姓名字大全,//guan1.resgain.net/name_list.html
蒯姓名字大全,//kuai.resgain.net/name_list.html
相姓名字大全,//xiang2.resgain.net/name_list.html
查姓名字大全,//chah.resgain.net/name_list.html
后姓名字大全,//hou1.resgain.net/name_list.html
荆姓名字大全,//jing2.resgain.net/name_list.html
红姓名字大全,//hong2.resgain.net/name_list.html
游姓名字大全,//you1.resgain.net/name_list.html
竺姓名字大全,//zhu3.resgain.net/name_list.html
权姓名字大全,//quan1.resgain.net/name_list.html
逮姓名字大全,//dai1.resgain.net/name_list.html
益姓名字大全,//yi4.resgain.net/name_list.html
桓姓名字大全,//huan1.resgain.net/name_list.html
公姓名字大全,//gong5.resgain.net/name_list.html
万俟姓名字大全,//moqi.resgain.net/name_list.html
司马姓名字大全,//shuma.resgain.net/name_list.html
上官姓名字大全,//shangguan.resgain.net/name_list.html
欧阳姓名字大全,//ooyang.resgain.net/name_list.html
夏侯姓名字大全,//shaho.resgain.net/name_list.html
诸葛姓名字大全,//zuguo.resgain.net/name_list.html
闻人姓名字大全,//wenren.resgain.net/name_list.html
东方姓名字大全,//dongfang.resgain.net/name_list.html
赫连姓名字大全,//helian.resgain.net/name_list.html
皇甫姓名字大全,//huangfu.resgain.net/name_list.html
尉迟姓名字大全,//yuchi.resgain.net/name_list.html
公羊姓名字大全,//gongyang.resgain.net/name_list.html
澹台姓名字大全,//tantai.resgain.net/name_list.html
公冶姓名字大全,//gongye.resgain.net/name_list.html
宗政姓名字大全,//zongzheng.resgain.net/name_list.html
濮阳姓名字大全,//puyang.resgain.net/name_list.html
淳于姓名字大全,//chunyu.resgain.net/name_list.html
单于姓名字大全,//shanyu.resgain.net/name_list.html
太叔姓名字大全,//taishu.resgain.net/name_list.html
申屠姓名字大全,//shentu.resgain.net/name_list.html
公孙姓名字大全,//gongsun.resgain.net/name_list.html
仲孙姓名字大全,//zhongsun.resgain.net/name_list.html
轩辕姓名字大全,//xuanyuan.resgain.net/name_list.html
令狐姓名字大全,//linghu.resgain.net/name_list.html
徐离姓名字大全,//xuli.resgain.net/name_list.html
宇文姓名字大全,//yuwen.resgain.net/name_list.html
长孙姓名字大全,//zhangsun.resgain.net/name_list.html
慕容姓名字大全,//murong.resgain.net/name_list.html
司徒姓名字大全,//situ.resgain.net/name_list.html
司空姓名字大全,//sikong.resgain.net/name_list.html
楼姓名字大全,//lou1.resgain.net/name_list.html
楚姓名字大全,//chu2.resgain.net/name_list.html
